Trip Time(mm:ss),Percent os SOC Loss, TEL_AVG_VELOCITY, AC_ON_DURATION, HEADLAMP_ON_DURATION,, CHARGE_AMOUNT, FULLCHARGEFLAG, CALENDAR_KEY, VEHICLE_ID, END_ODO_ACTUAL, TRIP_DISTANCE
36:50,34,55.14,36.83,0,20:00,4129,0,270802,8,12427,34
37:23,30,50.27,19,0,30:00,4765,0,270814,8,12458,30
13:15,10,23.08,13.25,0,20:00,2834,1,272935,7,10172,5
04:20,93,41.28,2.05,0,00:00,5174,0,272947,7,10258,85
22:55,21,39.13,14.73,16.77,30:00,15103,1,272974,6,27727,15
07:59,3,15,7.98,0,10:00,1977,0,272982,8,13276,2
26:23,12,42.22,0,22.35,00:00,4887,0,273016,17,26916,18
22:30,14,39.13,0,0,09:00,5152,0,275305,16,19706,15
14:08,6,17.14,14.13,12.87,13:00,5993,1,275371,5,15836,4
17:02,11,45.88,12.22,0,00:00,10626,1,275419,6,24421,12
19:08,10,25.26,0,0,20:00,10224,1,277523,7,8727,6
18:50,6,25.26,12.92,1.82,46:00,4579,1,277528,18,16915,8
15:46,4,7.5,15.77,0,30:00,11448,1,270952,8,12554,2
23:32,19,46.96,23.53,0,20:00,7428,1,270961,19,18547,18
20:10,14,45,20.17,0,10:00,4751,1,273076,19,18854,14
14:10,11,42.86,0,12.13,10:00,4884,0,273153,17,27261,10
12:47,5,32.31,0,0,20:00,4233,0,275444,7,8541,8
06:53,3,25.71,6.88,0,20:00,9409,1,275446,8,10755,3
35:56,33,58.33,35.93,0,00:00,2597,0,275518,8,11226,34
36:40,16,22.7,36.67,0,47:00,5918,1,275519,16,20177,14
06:38,2,17.14,6.63,0,30:00,8954,1,275534,8,11229,2
30:15,16,38,0,17.97,00:00,5072,1,275542,15,15892,18
19:39,10,42,0,17.63,20:00,9945,1,275550,17,24023,15
09:48,7,18,9.8,9.8,20:00,7031,1,277669,17,24323,3
36:54,29,48.65,32.85,0,10:00,9925,1,277738,8,11992,30
29:03,19,35.17,0,0,26:00,11216,0,208430,11,7293,21
23:08,22,54.78,23.13,0,30:00,6868,1,271097,6,26846,20
15:49,59,50.53,19.27,39.38,10:00,9595,1,271117,8,12623,64
06:54,3,17.14,3.1,0,24:00,4263,1,273289,20,10903,2
32:49,18,30.91,32.82,0,25:00,16604,1,201697,13,9539,26
09:57,6,18,0,4.9,00:00,5159,1,275657,17,24796,3
16:23,7,26.25,0,14.33,20:00,9527,1,275674,15,16292,7
38:59,30,56.92,1.03,0,00:00,13548,1,277921,6,24035,37
23:58,12,30,0,0,30:00,3968,0,271242,17,25912,5
14:53,5,24,0,9.3,10:00,9500,1,271262,7,9876,6
36:31,20,43.33,0,36.52,30:00,6213,1,273359,15,17089,25
39:50,33,55.5,0,39.83,10:00,12989,1,273365,6,27320,37
13:15,8,34.29,13.25,0,40:00,5992,1,275756,19,18250,7
30:42,11,25.16,0,0,10:00,2184,0,275769,15,16317,12
00:51,18,25.57,60.85,0,02:00,30254,1,199385,13,8718,28
11:48,57,25,0,8.72,20:00,9872,1,275803,7,9342,5
13:14,9,36.92,13.23,0,50:00,2995,1,277976,19,17902,8
10:46,6,27.27,0,0,30:00,4002,1,278057,13,24902,5
14:44,7,28,14.73,0,30:00,6546,1,208591,10,861,9
26:39,14,28.89,0,0,40:00,3347,1,273593,7,10319,13
09:42,6,24,0,0,00:00,7539,1,273607,17,27349,3
45:46,14,19.57,45.77,0,21:00,7440,1,199482,11,8128,17
36:49,18,34.05,36.82,0,40:00,16400,1,199483,13,9072,27
10:01,2,6,0,1,23:00,9052,1,199514,18,7654,11
15:44,2,7.5,15.73,0,11:00,9874,1,199584,11,8544,7
14:01,5,25.71,0,0,33:00,8806,0,202138,11,8297,6
15:03,5,32,0,1,12:00,4706,1,202272,18,7800,11
03:00,3,40,0,0,00:00,4543,1,225541,6,4666,4
13:51,75,46.22,0,71.8,00:00,6543,0,218903,24,11225,55
15:41,13,37.5,0,15.68,00:00,7904,1,221261,11,16132,5
15:54,12,32,0,12.32,40:00,15111,1,221362,13,15794,8
25:18,73,49.53,0,0,10:00,13066,1,223448,6,12090,57
19:49,7,21,0,16.27,00:00,13370,1,223457,13,16041,7
05:40,2,24,0,3.1,00:00,7915,1,223468,8,4439,2
31:13,19,37.5,0,0,08:00,6819,0,223504,21,2669,20
29:21,8,16.55,17.83,0,43:00,857,0,223524,14,11272,7
36:09,20,43.33,0,0,29:00,1589,0,223529,24,8371,25
17:56,6,16.67,0,16.45,00:00,13558,1,223546,12,6871,4
07:01,6,68.57,7.02,7.02,40:00,11421,1,225708,24,4979,9
40:49,66,84.88,7.42,0,20:00,13819,1,225769,6,6491,62
13:52,8,34.29,0,12.33,00:00,2330,0,219077,13,17058,7
19:25,9,24,0,11.75,40:00,4467,1,219084,13,17066,7
18:28,12,41.05,0,16.45,00:00,8303,1,221366,11,16811,12
12:19,41,32.5,63.08,0,24:00,1772,0,223614,11,15311,38
15:18,37,32,0,0,01:00,5394,1,223712,11,15843,39
17:51,9,26.67,0,0,02:00,14087,1,219155,20,3749,8
10:12,58,12,0,0,44:00,3776,0,219158,14,13214,1
04:25,59,51.69,0,0,40:00,9680,1,219159,6,14960,54
31:05,11,21.29,0,0,31:00,9642,1,221505,14,11231,11
09:30,4,33.33,8.18,0,10:00,2351,0,221630,19,7456,14
09:47,4,30,3.12,0,46:00,252,1,223742,9,4340,4
19:08,7,37.89,0,0,11:00,8385,1,223750,14,11605,11
22:09,18,33.91,0,22.15,00:00,10366,1,223789,8,3844,13
21:07,9,25.71,0,19.58,11:00,2380,0,223790,6,10687,9
04:37,6,75,4.62,3.08,10:00,7470,1,223792,19,7712,5
35:48,29,40,35.8,0,30:00,11951,1,226013,24,62226,24
01:35,50,40.33,0,0,05:00,8286,1,219388,11,18231,41
12:20,7,35,12.33,0,52:00,8722,1,223994,6,11208,6
22:32,8,27.27,22.53,22.53,17:00,3519,1,219418,18,12072,10
39:23,24,36,0,38.27,40:00,10994,1,219430,15,9674,24
06:36,3,20,0,4.58,00:00,10339,1,219431,19,10206,2
50:52,69,65.88,25.92,46.82,17:00,10567,1,219499,6,14379,17
46:26,28,31.3,46.43,46.43,00:00,8556,1,219503,5,11216,24
04:54,46,36.56,59.28,21.08,24:00,9842,1,219512,11,18502,39
23:48,84,52.14,1.53,0,13:00,2440,0,219512,20,3173,59
13:52,7,38.57,0,0,09:00,2080,1,219535,9,5530,9
39:48,25,46.5,3.07,0,03:00,1308,1,219545,9,5577,30
49:21,76,77.14,28.85,40.57,00:00,12331,1,221782,6,10256,63
16:05,26,15.79,15.02,0,28:00,4455,0,221841,14,11868,18
19:34,10,30,0,0,19:00,4681,1,221854,10,12839,9
36:07,19,33.33,0,0,44:00,6439,1,221858,14,11888,20
31:35,17,35.63,0,0,21:00,3642,1,221888,14,11907,18
04:38,43,36.56,0,0,17:00,1892,1,224055,11,16915,25
05:50,27,23.64,49.87,18.53,06:00,5426,0,226414,15,6648,25
09:14,4,26.67,9.23,9.23,30:00,6694,1,226486,24,6317,2
08:12,5,22.5,8.2,6.17,20:00,7402,1,219569,23,8008,3
50:54,79,75.29,0,0,26:00,13163,1,219634,6,15080,62
07:40,4,25.71,0,0,38:00,3881,1,219686,9,5794,4
00:00,72,66,28.62,0,40:00,11155,1,221980,6,11692,63
26:51,84,57.24,0,50.93,40:00,14282,1,224182,10,11247,82
11:52,7,30,0,10.65,40:00,5833,1,224183,19,7214,6
01:34,47,39.34,57.05,60.25,00:00,8021,1,224187,11,15392,39
49:45,66,68.57,7.65,46.47,12:00,10798,1,255463,6,16651,17
06:42,51,36.36,0,64.68,50:00,8052,1,255491,11,20969,39
13:22,20,69.23,0,11.88,30:00,14322,1,255496,20,6730,14
51:13,62,65.88,0,51.22,50:00,10073,1,255517,6,17292,57
10:12,6,21.82,0,0,00:00,12996,1,265163,20,11912,4
08:15,80,27.35,62.14,0,00:00,10562,1,265194,13,28626,7
16:51,8,28.24,16.85,12.8,30:00,11647,1,265213,8,15014,8
13:16,7,41.54,0,0,00:00,13327,1,265284,8,13517,8
06:16,25,26.36,0,0,14:00,7680,0,257876,18,18165,17
43:30,18,32.73,43.5,0,00:00,8468,1,257891,5,17771,24
09:42,5,24,0,0,00:00,5240,1,260120,13,29403,3
35:59,35,56.67,35.98,0,00:00,10485,1,267472,8,14182,34
15:04,8,24,15.07,0,10:00,4119,1,269653,12,13813,21
24:08,9,28.8,0,19.47,10:00,6952,1,269664,15,16628,12
35:04,36,63.33,0,33.05,40:00,11701,1,269692,6,26213,37
15:46,9,30,0,0,40:00,2452,1,263088,19,19941,8
10:01,3,12,10.02,10.02,00:00,2657,0,263109,8,16426,3
16:13,12,41.25,0,16.22,30:00,9509,1,263118,13,29994,11
03:07,59,53.33,0,0,10:00,10657,1,255610,6,17353,17
00:08,20,20,0,0,16:00,5082,0,255694,14,13665,18
16:59,3,18.7,0,0,12:00,7670,0,258004,18,18233,24
01:02,1,60,0,0,44:00,8806,1,265369,20,11248,2
09:12,11,26.67,7.17,6.17,10:00,7577,1,265421,7,10820,4
52:30,21,23.08,19.43,3.03,04:00,8038,1,258036,18,18259,11
16:45,6,17.65,0,0,00:00,2250,0,260268,7,12029,5
34:20,19,34.29,0,11.88,40:00,3919,0,253481,9,6505,20
16:32,9,30,0,0,40:00,13904,1,253508,7,5051,8
43:58,56,62.73,0,35.45,40:00,8607,1,253516,17,13865,45
09:07,12,33.33,3.1,8.1,10:00,7498,1,267627,7,11132,5
19:36,10,34.74,0,0,10:00,12524,1,253604,7,4586,10
24:33,8,19.2,0,0,36:00,6002,1,255713,14,13684,8
18:05,8,26.67,0,0,10:00,2094,0,255718,13,17259,9
19:27,9,33,0,0,40:00,14191,1,255719,7,4667,10
09:25,77,69.57,0,52.65,10:00,13017,1,255728,20,4723,80
22:27,7,16.36,0,19.62,07:00,4800,1,255745,18,12733,5
16:24,11,33.75,16.4,15.37,20:00,12329,1,258064,8,14333,9
07:13,8,42.86,1.03,6.12,10:00,7526,1,258067,7,10961,5
44:28,26,39.55,0,0,00:00,10426,1,265514,17,28455,28
10:28,9,38.18,10.47,10.47,20:00,12651,1,267741,13,28393,6
22:45,18,40.91,0,17.68,10:00,12964,1,260285,17,30720,14
12:15,7,27.69,0,10.2,00:00,10911,1,260298,7,12041,6
13:16,3,13.85,13.27,4.05,15:00,6126,1,260350,5,18775,4
13:16,9,27.69,9.15,0,00:00,5341,1,260411,7,12071,5
05:40,61,39.09,0,19.5,20:00,9069,1,253618,11,19140,42
28:24,19,51.72,0,27.15,10:00,15294,1,253645,19,10918,24
32:58,21,45.45,0,0,20:00,3881,0,270066,7,9658,24
37:26,39,47.37,37.43,0,30:00,9637,1,270082,7,9689,29
13:11,5,23.08,13.18,10.13,00:00,5117,1,270121,8,12147,4
30:10,17,32.9,0,25.47,20:00,3350,1,270124,15,16745,14
15:56,10,37.5,0,0,10:00,12542,1,263469,17,31088,11
13:22,11,32.31,13.37,0,47:00,6980,1,255895,21,3485,7
15:54,14,33.75,15.9,15.9,10:00,4376,1,258201,7,10981,8
10:00,7,30,0,0,00:00,7459,1,258262,7,11181,5
20:12,53,33,0,0,10:00,10349,1,265618,13,28193,11
13:23,8,36.92,13.38,13.38,30:00,11666,1,265628,8,14510,8
26:40,20,42.22,26.67,0,00:00,8047,0,267835,19,18035,18
13:02,6,23.08,0,0,30:00,9377,1,267848,13,24555,5
26:34,16,42.22,24.6,23.57,00:00,5073,1,267858,15,15404,17
12:29,11,36.92,6.32,0,20:00,6666,1,267859,7,8373,8
16:40,14,48.75,0,0,40:00,3193,0,253798,6,16248,13
13:14,5,17.14,0,0,20:00,6861,1,253813,13,17516,3
14:47,42,28,33.13,68.8,10:00,17480,1,253847,22,8044,32
42:12,92,90,12.18,40.33,00:00,14547,1,253861,6,16367,63
02:37,50,37.74,0,0,19:00,7458,1,255990,11,20396,39
09:41,4,24,9.68,0,30:00,6326,1,270374,13,26030,3
31:02,18,30.97,31.03,0,00:00,4506,1,270374,12,13909,17
13:15,10,30,0,8.18,00:00,7939,1,263498,7,12301,7
12:52,8,23.08,0,12.87,00:00,10985,1,263608,17,31771,5
08:38,71,48.7,0,9.25,20:00,11093,1,256026,6,16707,56
07:31,4,34.29,0,0,12:00,4816,1,256029,16,16065,3
19:47,18,41.05,0,18.25,10:00,9239,1,256058,11,20445,12
05:43,6,50,0,2.67,00:00,7915,1,256066,19,12267,5
42:33,22,34.29,42.55,42.55,02:00,11804,1,264890,5,18193,24
23:56,10,25,0,0,30:00,9287,1,264967,13,28126,10
08:41,4,26.67,8.68,0,40:00,11213,1,264968,8,14428,4
49:49,36,44.4,49.82,0,00:00,10484,1,265726,8,14579,37
48:27,19,23.75,37.77,0,20:00,4742,1,265734,18,18713,16
16:55,8,21.18,0,0,10:00,13159,1,267936,17,22808,6
09:42,5,18,9.7,0,00:00,2467,1,267164,13,28740,3
12:39,8,32.31,12.65,0,20:00,5245,1,269365,12,13775,20
13:12,7,23.08,10.15,9.23,00:00,7937,1,269422,17,25202,5
05:55,3,30,0,0,23:00,4282,1,269906,20,10629,2
06:55,7,42.86,0,5.12,10:00,4626,1,269998,7,9613,5
46:18,26,32.61,46.3,46.3,00:00,8343,1,265033,5,18248,24
09:59,4,18,0,0,00:00,10329,1,265057,13,28573,3
19:28,11,31.58,0,19.47,30:00,6569,1,265882,13,28661,9
43:17,39,47.73,43.28,0,30:00,11679,1,265915,8,13583,35
19:22,11,37.89,9.2,0,00:00,5083,1,268071,6,24851,12
20:30,13,31.43,6.13,0,40:00,9083,1,268194,13,25464,11
25:50,17,43.85,0,20.85,00:00,5054,1,268200,15,16174,18
20:12,8,20,0,0,00:00,10282,1,270245,17,25418,7
06:55,1,8.57,0,6.92,50:00,2818,1,270258,15,16769,1
45:11,24,32,44.15,43.17,11:00,10330,1,263891,5,17468,24
10:05,8,30,0,0,20:00,6923,1,262992,7,12257,5
26:16,11,30,1.03,26.27,30:00,8776,1,262996,8,16176,13
06:11,2,20,0,0,00:00,10315,1,252941,17,11569,2
30:16,17,30,0,0,43:00,3652,0,253050,16,15456,14
17:26,10,38.82,0,0,30:00,14549,1,246472,7,4899,11
12:08,42,32.5,5.65,1.53,20:00,4307,0,246479,19,11851,39
56:33,52,48.42,12.37,53,00:00,7511,1,246488,17,13093,45
40:01,23,19.5,0,0,25:00,7046,1,248722,14,14755,12
34:23,32,37.71,0,0,00:00,12320,1,248735,11,21754,22
19:26,10,34.74,0,0,40:00,11164,1,250873,7,5697,10
33:50,15,30,0,0,38:00,6540,1,250882,9,7155,16
15:54,50,31.58,0,69.05,10:00,7083,1,250890,11,22485,39
39:30,19,31.5,0,38.27,46:00,6239,1,250894,23,9873,20
13:37,8,34.29,13.62,0,46:00,8455,1,244439,9,7709,8
13:13,7,38.57,0,10.17,00:00,10292,1,244479,17,17557,9
20:25,12,39,3.97,0,10:00,5408,1,244551,24,16109,28
12:56,4,13.85,0,0,21:00,3416,1,244561,21,4461,3
00:18,44,39.34,0,59.3,20:00,6444,1,244573,11,23639,38
07:37,8,51.43,1.7,0,10:00,3847,1,246572,19,11873,6
06:08,2,10,0,0,00:00,1623,1,248759,16,16621,2
13:50,12,42.86,0,0,20:00,4382,1,250984,10,15966,10
17:23,6,24.71,0,0,19:00,12335,1,251008,16,17182,7
15:58,9,37.5,0,0,05:00,4177,1,251011,9,7175,9
11:46,7,35,0,0,20:00,4003,1,251038,9,7311,6
06:04,52,35.45,0,65.05,00:00,8942,1,251045,11,22903,39
06:40,2,25.71,0,6.67,23:00,7289,1,251050,23,10150,2
55:57,61,60,0,0,32:00,12015,1,244666,6,20285,56
10:31,11,49.09,10.52,0,10:00,6551,1,246716,6,17015,9
06:48,47,34.93,0,0,09:00,7920,1,246769,11,21090,39
24:03,15,22.5,0,0,20:00,6674,1,248890,6,17585,4
09:08,5,20,0,7.62,00:00,5121,1,248939,6,17635,3
29:45,9,18,0,0,29:00,4227,1,251138,20,9287,9
40:00,23,43.5,0,0,37:00,4060,0,251155,5,13367,29
10:57,4,10.91,0,0,25:00,1091,1,251163,21,4342,1
12:56,6,23.08,12.93,0,10:00,5096,1,251181,9,7346,5
17:43,13,23.33,17.72,0,23:00,5511,1,246808,21,3915,6
03:20,51,39.05,1.53,0,02:00,8447,1,246915,11,21171,39
29:57,17,38,0,24.12,00:00,5008,1,240424,15,13854,18
16:17,12,41.25,0,0,20:00,4023,1,249035,6,17687,8
01:35,50,40.33,0,61.58,50:00,8016,1,251258,11,22158,7
44:34,59,60,5.63,3.05,23:00,10032,1,251332,17,15808,45
12:25,49,33.7,0.68,0,14:00,7888,1,251335,11,22199,38
01:27,39,38.36,0,0,45:00,8383,1,251363,21,4174,20
29:19,11,22.76,0,0,50:00,5275,1,251368,6,18066,8
44:35,16,22.67,44.58,0,10:00,9340,1,240532,12,11501,15
09:31,5,33.33,0,0,40:00,6500,1,240536,23,12252,4
27:02,8,11.11,23.93,8.68,20:00,221,1,240538,18,16284,5
45:11,16,22.17,45.18,7.08,42:00,8980,1,242675,18,15209,12
33:54,15,28.24,33.9,0,08:00,4685,1,244884,16,18514,15
38:03,22,34.74,0,33.92,00:00,13565,1,244931,24,16974,21
14:40,10,28,0,14.67,10:00,9990,1,244933,7,6726,6
22:07,12,19.09,0,0,32:00,3848,1,246994,14,13780,7
35:40,45,63.43,30.73,0,50:00,312,0,238223,17,20023,37
22:43,11,31.3,0,0,10:00,1698,0,238234,13,22862,12
17:16,12,38.82,0,0,30:00,9152,1,238236,13,22873,11
08:03,3,30,0,0,10:00,1761,0,238245,17,20039,4
09:09,3,18,9.15,5.1,30:00,13098,1,238250,12,10689,2
12:54,8,27.69,1.02,0,30:00,6083,1,240547,7,7558,5
14:58,12,48,0,14.97,10:00,4347,1,249221,8,7214,11
07:18,3,17.14,0,7.3,15:00,7626,1,249223,23,9444,2
06:14,40,35.45,0,0,28:00,6795,1,251461,11,22605,39
46:00,21,27.39,0,0,01:00,5435,1,251471,14,15138,20
20:32,10,33,0,0,08:00,3773,1,251489,21,4282,10
00:18,17,23,0,8.42,00:00,9352,1,251505,18,14398,22
24:37,8,24,0,19.07,00:00,2225,0,251518,17,16596,9
10:12,49,33.43,0,69.19,10:00,7077,1,251520,11,22644,39
34:48,51,77.14,0,0,37:00,8461,1,242778,17,18648,45
20:57,13,40,0,0,26:00,4304,1,242789,16,18223,14
38:22,16,23.68,36.35,0,03:00,4714,1,242806,18,15239,15
13:12,8,36.92,0,10.17,00:00,4589,1,236155,19,16855,7
20:42,18,30,11.3,19.68,10:00,6743,1,236172,13,22321,10
17:07,5,21.18,0,17.12,08:00,6649,1,236179,18,15566,5
20:24,11,24,0,0,30:00,5000,1,245039,11,24637,7
15:30,64,19.74,0,0,19:00,4016,1,245081,16,17739,7
37:33,25,31.58,0,0,10:00,8045,1,247106,10,15289,10
31:39,25,46.88,31.65,0,20:00,12384,1,238378,17,20127,25
13:53,6,25.71,0,0,50:00,2988,1,238388,13,22927,3
08:13,1,15,0,0,10:00,1142,0,240765,15,14763,18
28:48,27,53.57,0,0,30:00,10182,1,249348,10,15722,25
28:31,9,14.48,6.15,0,30:00,3972,1,251626,14,15378,1
19:19,12,30,0,0,00:00,13295,1,251656,7,5924,10
09:30,26,19.13,42.12,11.98,09:00,7269,1,251661,18,14567,10
13:58,11,51.43,0,0,00:00,13711,1,236269,6,21240,12
13:07,11,36.92,0,13.12,30:00,6278,1,236302,7,6829,8
23:19,23,60,0,23.32,00:00,10729,1,236333,19,15799,22
19:49,16,44.21,9.02,18.12,20:00,27160,1,222900,24,8269,13
02:00,1,30,2,2,10:00,10120,1,225147,8,1962,2
11:16,5,21.82,0,1,15:00,7996,1,245212,5,13751,3
16:11,6,26.25,0,0,20:00,9363,1,245224,24,16214,6
11:46,8,50,11.77,11.77,30:00,12010,1,225157,10,6054,9
29:40,41,58,0,29.67,00:00,12802,1,218494,24,11166,28
06:15,3,20,0,0,38:00,450,1,218544,9,5675,2
18:01,9,36.67,0,0,30:00,14788,1,218566,7,4497,10
49:24,69,67.2,22.37,44.82,06:00,11053,1,220741,6,15388,17
18:18,7,22.11,18.3,0,02:00,2914,1,252141,9,7436,7
13:16,4,13.85,0,12.25,10:00,8399,1,245590,19,16820,3
09:44,1,6,9.73,0,18:00,4896,0,207816,11,7231,2
22:28,22,41.74,0,20.93,00:00,10243,1,218608,24,11879,14
18:29,67,43.85,19.73,0,19:00,10435,1,218698,6,14847,3
16:09,85,31.76,0,0,09:00,5250,1,220852,10,10882,9
21:08,7,28.57,6.17,0,19:00,4468,1,220872,9,4120,9
38:50,17,30.77,0,0,11:00,2448,0,220894,14,11205,19
07:08,1,17.14,7.13,0,40:00,2745,1,223202,24,9165,2
36:57,20,29.19,14.87,0,05:00,8294,1,223208,14,12020,17
10:44,6,27.27,0,7.18,10:00,10171,1,223220,8,4153,5
09:12,35,34.78,0,0,52:00,6014,1,252308,11,22358,40
36:36,15,30.81,0,33.58,38:00,8107,1,245697,9,8325,9
13:24,15,46.15,13.4,0,30:00,6443,1,218772,19,9688,11
26:38,11,28.89,0,4.07,00:00,3933,1,245762,18,14838,13
13:14,7,32.31,0,0,00:00,9676,1,245768,11,23405,7
19:54,13,30,0,17.87,20:00,12747,1,252522,13,20324,10
30:04,15,38,0,0,26:00,4347,1,252603,9,7476,19
16:09,12,35.29,0,0,10:00,12812,1,252629,7,5999,10
00:54,68,55.08,0,49.93,26:00,9926,1,245860,6,19541,17
17:38,12,42.35,0,15.07,10:00,4559,1,214557,8,4282,11
17:25,8,24.71,0,10.25,10:00,13010,1,214687,19,8792,6
24:17,62,45.18,84.29,8,40:00,10584,1,234330,6,5130,57
03:01,1,20,0,3.02,00:00,10460,1,234330,24,4618,4
10:01,12,54,0,10.02,20:00,4078,1,234336,8,1561,9
19:36,11,24,0,0,34:00,9922,1,216888,10,13671,8
19:47,75,50.25,0,0,20:00,11575,1,216905,6,13157,66
11:31,6,20,11.52,11.52,20:00,4268,1,232232,8,1456,3
17:27,8,30,0,0,21:00,12892,1,252798,20,8631,8
10:49,4,27.27,0,0,02:00,2134,1,252828,9,7086,5
33:37,9,20,31.58,0,32:00,4699,1,246013,9,7934,11
13:24,9,25.71,0,0,00:00,10579,1,246028,13,21571,6
28:08,21,42.86,0,24.03,30:00,1423,0,246048,14,16550,19
09:10,44,34.78,0,33,09:00,7712,1,214768,11,17073,39
01:23,61,64.84,0,0,21:00,12862,1,214813,10,11661,67
27:14,13,28.89,27.23,0,33:00,3180,1,214813,24,8557,12
10:04,45,33.8,0,0,14:00,7693,1,217006,11,17832,25
52:18,80,72.45,0,47.17,04:00,9899,1,217007,6,13223,62
43:09,84,86.51,36.55,43.15,10:00,27112,1,234517,6,6081,64
10:50,82,67.61,58.32,0,17:00,16256,1,234525,10,5609,81
36:21,49,72.97,29.27,0,41:00,3727,0,246083,17,18836,3
11:56,6,20,0,0,20:00,13938,1,217051,6,13291,3
05:50,68,60,65.84,0,37:00,1450,1,232417,10,5330,67
39:45,24,43.5,39.75,0,03:00,12194,0,232420,24,5026,30
19:25,8,21,0,0,30:00,4196,0,232471,8,1756,5
19:52,6,18,0,0,00:00,5360,1,250546,13,20421,5
08:41,58,38.82,0,0,12:00,9749,1,252433,11,22771,41
06:38,1,8.57,0,0,03:00,5435,1,252440,24,15259,1
16:17,9,26.25,1.02,16.28,10:00,10427,0,252496,23,10064,18
41:09,68,26.14,9.1,96.12,30:00,12437,1,252497,11,22819,42
08:12,2,15,0,0,10:00,15680,1,214868,15,7820,5
23:35,11,27.5,0,18.93,10:00,7882,1,214901,13,14690,11
15:02,14,48,0,0,00:00,5335,1,234592,8,1876,12
16:25,7,30,12.3,14.9,00:00,8261,1,228070,22,5574,8
23:08,12,36.52,18,21.1,00:00,16282,1,228071,24,7140,14
21:22,44,30.37,0,0,35:00,8752,1,228131,11,13804,38
06:40,4,25.71,0,0,00:00,15819,1,228149,15,6941,2
01:36,46,37.74,0,0,08:00,7930,1,248436,11,21587,38
41:52,67,65.71,0,0,38:00,11825,1,250639,17,16831,44
23:05,13,36.52,0,0,19:00,4657,0,250652,16,17296,14
20:00,14,33,20,0,42:00,6669,1,250670,9,7297,11
31:42,10,21.29,0,3.07,54:00,4300,1,250677,18,14475,12
29:25,29,60,0,0,10:00,4592,1,252638,19,15144,29
45:27,35,41.74,0,45.45,40:00,13666,1,252673,24,15631,25
13:52,15,42.86,0,11.83,10:00,7380,1,246256,11,19508,10
02:34,53,39.05,3.05,61.7,06:00,8990,1,246256,23,8373,41
46:27,76,80.43,8.72,46.45,00:00,12687,1,246262,6,15977,63
19:30,11,42,0,17.97,11:00,2459,1,246276,18,12894,14
31:46,14,15,0,0,10:00,2533,0,246337,14,13704,1
02:09,43,37.74,18.03,0,40:00,6103,1,246382,11,19586,38
47:14,74,80.43,0,0,10:00,12262,1,246382,6,16048,64
42:05,85,90,3.18,29.87,40:00,13588,1,230338,6,9112,62
24:59,11,21.6,0,0,27:00,4548,1,230357,10,10029,9
09:01,10,53.33,8.2,9.02,00:00,10557,1,232500,8,1778,9
13:46,6,30,13.77,0,01:00,7942,1,193234,22,3180,7
06:59,2,17.14,6.98,0,02:00,4679,1,193249,18,7581,4
10:24,46,32.96,0,0,15:00,7565,1,215056,11,16012,38
06:51,82,70.75,29.8,0,00:00,13508,1,234785,10,3490,80
21:36,8,31.43,0,0,10:00,15485,1,228178,7,2807,10
34:52,14,22.29,34.87,0,00:00,10199,1,228184,24,7201,12
12:17,9,45,0,0,00:00,13373,1,228195,8,2604,9
12:06,6,40,12.1,12.1,00:00,10733,1,228216,22,5626,8
31:38,17,36.77,31.63,12.15,00:00,7917,1,230406,19,6761,19
07:16,3,15,7.27,6.07,00:00,5378,1,230417,8,3091,2
22:46,71,29.37,35.95,0,30:00,11254,1,248486,6,17540,24
07:41,6,37.5,0,5.65,00:00,13246,1,248501,19,13404,5
15:28,12,40,0,13.43,40:00,11628,1,248507,8,7119,11
10:40,3,21.82,0,0,20:00,5951,1,231259,12,6349,3
10:10,35,33.8,70.17,0,05:00,5468,1,231335,11,14298,38
16:42,10,48.75,0,1.82,33:00,8998,1,231336,24,7529,10
22:36,15,38.18,21.08,21.1,20:00,9363,1,230429,24,7786,14
30:12,10,18,0,0,28:00,4350,1,230494,10,10194,9
52:35,70,65.77,0,52.58,20:00,11450,1,219814,6,13941,57
15:33,11,26.25,15.55,0,10:00,12208,1,222124,6,11827,65
22:47,13,39.13,22.78,22.78,30:00,11733,1,233499,24,4110,17
13:41,6,36.92,1.53,13.68,10:00,10522,1,227062,22,5390,8
29:15,33,25.62,0,0,44:00,11515,1,227123,11,13365,38
09:16,4,48,0,9.27,40:00,5682,0,235033,24,4771,11
28:03,16,34.29,26.35,27.05,00:00,10679,1,235038,24,4789,17
06:00,33,36.36,66,0,02:00,5330,1,228402,11,14377,38
25:44,11,23.08,0,0,19:00,4850,1,228402,10,9687,9
09:13,4,13.33,1.47,0,41:00,11933,1,228409,6,8785,2
07:06,33,26.87,64.03,0,10:00,9663,1,224397,6,10804,3
18:00,12,46.67,7.23,18,49:00,4417,1,224401,9,4368,13
24:10,32,28.57,1.55,0,27:00,14341,1,226258,11,12957,37
06:13,3,25.71,6.22,4.18,40:00,11433,1,226338,24,62816,3
08:48,6,33.33,4.08,7.25,20:00,4022,1,229182,19,6286,5
04:32,34,36.56,0,0,00:00,1377,1,229248,11,14054,36
10:04,4,36,10.07,0,22:00,9542,1,229276,9,3896,5
17:47,81,30,0,0,16:00,4871,1,230653,10,10705,9
04:34,51,36.56,0,0,11:00,7840,1,219871,11,18311,38
50:46,25,37.65,0,49.75,46:00,11789,1,222220,24,8175,29
41:51,39,57.14,0,40.33,50:00,8539,1,222250,24,8215,39
11:27,5,20,0,0,00:00,10802,1,222303,10,11873,3
13:49,9,25.71,13.82,12.3,00:00,10225,1,222328,15,7877,6
26:37,14,33.33,7.68,25.07,20:00,8506,1,222334,12,7021,15
16:53,5,10.59,16.88,4.62,36:00,5794,1,227316,18,10076,3
19:53,8,27,0,16.83,30:00,9248,1,229315,13,36174,9
19:29,17,53.68,0,18.1,50:00,13818,1,228477,10,10447,17
10:23,6,21.82,8.83,7.62,10:00,7639,1,228482,22,6091,4
13:19,8,36.92,13.32,11.78,20:00,7045,1,228505,24,7933,7
27:07,41,27.59,0,0,41:00,6236,1,230706,11,14134,39
24:02,12,25,0,0,21:00,5718,1,226548,14,10285,8
13:14,48,31.62,69.17,0,00:00,7508,1,226607,11,13167,39
49:30,66,68.57,13.87,46.93,29:00,10198,1,219985,6,14492,21
13:47,8,36.92,0,13.78,10:00,10488,1,230788,22,5801,8
07:46,7,37.5,0,0,24:00,8678,1,232987,7,2068,5
04:49,66,59.08,56.99,0,04:00,27414,1,234875,10,3571,67
50:50,66,76.47,50.83,0,24:00,25504,1,195825,10,1785,67
37:47,28,56.76,0,0,16:00,10054,1,195826,11,9358,36
05:39,2,10,5.65,0,47:00,750,1,220041,9,5611,2
18:28,10,33.33,1.02,13.85,20:00,15110,1,220054,7,4409,10
08:47,5,30,3.08,6.23,10:00,9561,1,220061,20,3316,4
07:11,7,34.29,0,6.18,00:00,7462,1,220069,24,11482,4
15:04,39,32,0,0,29:00,6828,1,222398,11,15764,38
04:38,6,45,4.63,0,00:00,12517,1,222449,6,10379,4
50:48,59,65.88,0,47.75,42:00,9577,1,224599,6,11331,55
44:56,80,84,44.93,44.93,19:00,26290,1,233864,6,5950,6
08:20,7,40,0,7.55,20:00,6720,1,227341,19,5795,6
34:25,14,33.53,34.42,3.42,09:00,8510,1,227452,18,10150,19
17:03,13,42.35,0,0,10:00,4461,1,227478,8,2403,11
05:45,2,36,0,5.75,10:00,7426,1,234933,24,4208,4
16:31,6,26.25,1.53,0,44:00,6905,0,228655,21,2533,7
04:36,4,45,0,0,13:00,9188,1,228661,9,3829,4
07:09,5,34.29,7.15,0,40:00,7892,1,230863,6,9152,4
16:02,14,45.88,0,0,10:00,11363,1,195883,11,9397,38
14:57,2,8,0,0,09:00,1514,1,224648,21,2952,1
19:23,10,30,0,0,16:00,13270,1,220158,20,3913,9
03:12,48,37.14,0,25.68,10:00,7382,1,220176,11,19055,39
19:35,13,36,0,15.03,10:00,4588,1,230893,8,3117,11
02:00,1,60,0,2,00:00,10359,1,233049,24,4440,3
46:05,28,40.43,18.95,0,50:00,2698,0,233093,6,5740,6
31:26,12,22.5,31.43,0,20:00,11683,1,233101,7,2290,11
10:46,9,43.64,0,0,00:00,11338,1,233104,6,5757,8
12:01,10,50,0,0,10:00,1626,0,233125,24,5214,11
06:46,3,51.43,6.38,0,10:00,10167,0,233138,24,5225,11
46:58,81,82.98,46.97,46.97,21:00,25994,1,235178,6,6214,6
10:50,60,54.08,70.84,0,28:00,25022,1,235188,10,5771,67
11:49,15,95,6.35,0,25:00,8150,1,235205,9,3205,17
41:43,91,88.57,7.22,41.72,10:00,14440,1,220211,6,15259,63
16:57,19,45.88,0,16.95,00:00,7906,1,222571,11,16303,13
12:49,8,30,11.27,10.78,10:00,7438,1,222572,8,4093,6
20:22,6,9,11.23,0,00:00,5234,1,227603,8,2428,2
14:12,25,21.08,74.2,1.53,16:00,2308,0,227603,18,10214,4
24:01,7,12.5,24.02,2.53,42:00,6639,1,227609,18,10219,5
08:42,8,33.33,8.7,0,30:00,5956,1,229576,6,9227,5
16:13,12,26.25,16.22,0,00:00,5406,1,229579,8,3239,2
15:26,11,40,15.43,10.68,30:00,2616,1,229601,6,9237,5
45:48,71,82.17,32.58,0,10:00,12304,1,235227,6,6279,65
16:00,9,33.75,0,13.15,10:00,7199,1,228821,13,36194,8
11:52,6,30,0,10.35,30:00,14593,1,228824,24,7674,5
01:35,21,18.39,18.98,0,44:00,6323,1,230973,14,10932,18
35:27,26,44.57,0,32.9,00:00,10284,1,218106,24,11833,26
26:18,10,31.11,26.3,26.3,49:00,7629,1,220259,18,11979,14
10:16,7,30,0,7.72,20:00,15250,1,220279,7,4226,5
10:16,7,36,5.65,8.85,30:00,9218,1,229670,19,6337,6
38:45,38,56.84,0,38.75,20:00,7118,1,231821,11,11764,39
15:47,10,44,15.78,0,10:00,12748,1,231831,10,5249,10
41:48,84,85.71,35.82,41.8,14:00,26856,1,233207,6,5822,2
15:20,4,15,15.33,5.08,20:00,6035,1,235448,18,9937,3
08:43,8,82.5,0,0,20:00,5277,1,196129,9,2798,10
15:22,4,16,14.37,12.33,11:00,5863,1,220354,5,11109,4
31:31,7,11.25,0,1.52,51:00,2391,1,220379,18,11989,6
10:43,31,32.96,0,0,35:00,1298,0,220385,14,13004,38
13:46,12,47.14,13.77,13.77,00:00,13306,1,224915,24,4859,4
09:52,78,68.57,69.87,0,40:00,13844,1,234125,10,3325,80
02:55,3,40,2.92,0,30:00,3449,1,227719,6,8166,3
10:43,5,21.82,0,0,10:00,7273,0,229754,15,7089,10
08:06,61,58.24,35.4,0,20:00,12664,1,235531,10,3734,68
11:50,7,35,0,0,30:00,9382,1,228956,11,14510,7
21:00,10,34.29,0,0,50:00,8890,1,231129,14,11104,5
01:33,56,55.08,53.9,0,41:00,9674,1,220392,6,14029,18
50:55,68,65.88,23.43,47.78,03:00,11036,1,220471,6,14609,17
37:36,20,47.37,0,34.62,00:00,11085,1,229822,13,33412,30
00:48,45,56.07,60.8,0,20:00,7496,1,232034,6,6675,59
22:45,10,23.48,0.97,0,04:00,11146,1,234225,10,3410,9
09:41,5,20,8.17,6.15,00:00,12476,1,222806,6,11951,2
02:45,3,20,0,0,20:00,14629,1,225113,6,6363,4
22:13,15,35.45,0,19.13,00:00,5187,0,218328,7,4125,13
17:14,10,38.82,0,13.65,20:00,15236,1,218330,7,4137,11
04:01,42,30,0,61.47,10:00,8978,1,220540,24,11621,32
03:34,3,30,0,3.57,20:00,11822,1,220542,6,14666,2
08:01,9,60,8.02,7.02,17:00,14896,1,234280,7,2113,11
06:38,3,17.14,0,0,30:00,584,1,238616,13,22974,2
21:09,14,42.86,0,0,07:00,5084,1,238620,16,18835,14
44:34,23,33.33,0,35.4,30:00,6337,1,238690,15,13616,24
20:18,16,33,14.22,20.3,20:00,4109,1,238704,13,23000,11
17:57,5,10,17.95,14.23,00:00,7548,1,261520,8,16291,3
15:27,5,24,0,0,00:00,6439,1,254693,21,3583,6
15:18,6,20,0,0,21:00,1949,0,254710,14,14093,4
16:59,11,38.82,0,0,20:00,12394,1,254719,7,4972,10
22:04,14,38.18,0,19.52,00:00,10509,1,256971,13,18846,14
06:16,2,17.14,0,0,20:00,15155,1,257034,17,12207,2
23:33,73,25,0,0,20:00,6823,1,259253,7,11678,5
34:16,19,33.53,12.83,0,30:00,8741,1,259259,19,19544,19
13:14,10,32.31,0,9.18,30:00,9274,1,259292,7,11739,6
02:59,41,28.57,32.78,62.99,10:00,12731,1,261674,7,12601,29
23:19,18,44.35,20.27,0,50:00,5619,1,261750,6,31569,17
17:25,10,28.24,0,17.42,10:00,7817,1,254734,22,8157,8
07:09,2,8.57,0,4.6,31:00,5778,1,254735,18,13408,1
15:51,19,52.5,0,12.32,32:00,25262,1,254740,20,5876,14
09:13,6,26.67,0,0,00:00,13207,1,254830,7,5125,4
27:10,19,33.33,2.57,22.57,40:00,13703,1,254844,12,8672,15
02:37,63,54.19,7.75,60.27,00:00,10062,1,254852,24,13792,55
37:47,20,39.47,0,3.53,24:00,8365,1,257204,18,18101,24
12:38,4,18.46,12.63,12.63,02:00,5353,1,257209,5,17708,4
13:00,4,13.85,4.1,10.23,01:00,6111,1,259342,5,18571,3
23:59,5,15,23.98,0,11:00,4058,1,259379,5,18594,6
22:29,13,28.7,0,0,30:00,12319,1,259409,13,29158,11
08:09,3,13.33,0,0,15:00,5054,1,254928,20,6649,2
07:55,4,30,0,0,20:00,4357,1,254948,16,16292,3
14:31,4,17.14,11.23,8.15,07:00,6151,1,259486,5,18630,3
19:59,10,33,0,14.88,00:00,13281,1,259565,17,30390,11
17:28,12,36.67,0,14.3,40:00,11598,1,261547,7,12402,11
11:52,7,35,0,0,23:00,4122,1,255031,9,5981,7
39:53,18,31.5,0,25,37:00,6707,1,255068,14,13623,21
16:50,8,28.24,6.15,0,00:00,10328,1,257369,8,14248,8
13:14,11,36.92,0,0,00:00,7233,1,257374,7,10918,7
21:01,8,20,21.02,0,39:00,6503,0,257478,5,18140,6
13:14,4,18.46,13.23,13.23,08:00,6178,1,259630,5,18667,3
34:46,19,34.29,10.73,0,48:00,3534,1,207310,11,7227,20
07:11,3,25.71,0,0,10:00,2146,0,259690,13,292279,3
33:55,14,21.18,0,0,28:00,19906,1,244353,11,24548,12
14:48,11,44,0,0,36:00,12259,1,244408,7,6070,10
36:36,13,21.08,0,0,06:00,4396,1,244411,14,15928,12
22:08,9,21.82,0,0,10:00,5182,1,255254,14,13992,8
09:44,3,18,9.73,0,10:00,9797,1,257620,8,14716,3
13:53,4,17.14,13.88,13.88,18:00,6048,1,259775,5,18703,4
22:45,8,18.26,22.43,0,35:00,2386,0,200699,11,7848,11
19:00,5,12.63,0,7.98,05:00,11060,1,200711,11,7860,5
26:00,7,11.54,3,0.97,34:00,3743,1,202924,18,7814,6
13:11,10,23.08,1.02,0,00:00,5331,1,259832,7,11882,5
33:19,20,40,0,13.35,35:00,4187,0,253168,14,13899,22
14:30,13,48,0,11.95,10:00,4280,1,253182,8,6005,12
10:14,4,12,0,7.48,10:00,8721,1,255290,22,8080,2
12:16,10,50,0,0,47:00,4427,1,255350,10,15309,10
16:25,14,33.75,0,0,28:00,1615,1,255366,11,20327,9
08:10,6,33.33,0,5.62,00:00,13323,1,255395,19,12224,5
07:09,6,42.86,4.1,0,20:00,3429,1,259927,19,19598,5
45:49,17,32.61,45.82,0,45:00,17104,1,207582,13,8473,25
09:59,2,12,9.98,0,18:00,16848,1,203018,11,8733,8
40:16,29,51,9.18,0,10:00,9974,1,262738,8,16739,34
29:02,11,26.9,3.05,0,15:00,4434,1,244220,16,18456,13
29:38,10,24.83,0,0,40:00,2832,1,244244,19,16777,11
23:35,11,22.5,7.02,0,00:00,4805,1,244252,7,6662,8
17:06,13,24.71,5.12,17.1,10:00,4526,1,262759,7,12754,7
10:10,7,24,0,0,43:00,14481,1,244258,23,11378,3
07:16,44,34.29,0,0,20:00,1421,0,237233,17,19475,3
10:12,6,24,0,10.2,30:00,11733,1,237238,17,19482,4
06:07,2,20,0,6.12,20:00,10573,0,237260,12,10323,2
37:50,25,52.11,0,0,18:00,4321,1,237304,17,19515,33
43:09,21,33.49,43.15,43.15,00:00,8927,1,239626,5,15305,24
42:17,39,29.71,0,93.72,30:00,615,0,239647,15,14547,4
37:33,42,31.84,0,88.69,31:00,4229,0,239657,15,14599,21
10:07,5,24,6.08,0,10:00,10022,1,269240,17,25156,4
16:01,11,33.75,0,11.97,00:00,7661,1,273645,7,10427,8
10:12,8,30,0,10.2,00:00,10834,1,239699,17,21712,5
28:05,9,12.86,0,0,10:00,1775,0,241840,17,20805,6
18:06,5,16.67,0,5.63,30:00,2815,1,241842,15,13965,5
20:00,9,21,0,0,00:00,8119,1,241859,17,20818,7
16:19,9,35.29,0,0,10:00,7425,1,241877,6,22503,10
06:56,48,35.82,0,0,24:00,7241,1,243757,11,23186,40
03:43,19,17.81,0,0,28:00,7274,1,243758,14,15903,18
09:42,6,18,8.68,0,40:00,10989,1,243804,6,19383,3
08:14,60,22.5,0,7.18,23:00,7197,1,243823,23,10414,2
21:35,4,10.91,21.58,0,00:00,1172,1,243855,24,16045,2
09:24,3,13.33,0,0,40:00,5570,1,275880,13,24297,2
17:08,10,35.29,0,13.07,00:00,5858,0,275899,17,22363,10
09:28,6,26.67,0,6.15,30:00,6153,1,275904,7,8107,3
22:23,28,51.82,16.97,0,40:00,3580,1,275982,6,23724,20
19:46,9,21,0,11.12,20:00,9840,1,278085,17,23525,6
33:19,20,41.82,0,33.32,40:00,5780,1,278097,15,15697,21
23:41,12,35,0,0,32:00,3774,1,243862,16,17894,14
33:30,14,26.47,0,0,17:00,1978,1,243877,14,16172,14
33:11,22,43.64,0,0,30:00,6555,1,237370,17,19565,25
33:30,14,26.47,32.5,0,12:00,4919,1,237470,16,18686,29
29:42,18,36,0,29.7,00:00,13215,1,239711,6,23156,17
11:36,30,23.66,0,0,20:00,7230,1,239779,13,23099,2
39:09,15,31.5,0,0,41:00,19805,1,239788,23,11968,20
30:13,17,36.77,0,30.22,50:00,5303,1,239794,15,13775,18
06:34,6,25.71,6.57,0,10:00,2373,0,278201,17,23601,3
13:41,8,21.43,13.68,0,20:00,9291,1,278207,13,24946,5
09:45,8,36,0,0,20:00,1862,0,273809,17,26382,5
06:50,5,25.71,0,0,20:00,3298,1,241967,17,21501,3
07:46,2,15,7.77,0,10:00,4680,1,241992,13,23728,2
23:01,9,31.3,0,23.02,10:00,9674,1,242014,15,14414,11
43:11,32,32.09,40.98,0,40:00,3809,0,276076,13,24753,23
08:06,5,37.5,0,0,00:00,13794,1,276090,6,24510,5
20:05,14,30,0,0,40:00,9136,1,276096,13,24774,11
45:05,34,45.33,45.08,0,00:00,10885,1,278290,8,11490,33
07:07,6,34.29,0,7.12,30:00,3672,1,278329,17,24404,4
19:22,10,25.26,0,0,10:00,12910,1,237514,17,19645,8
10:12,3,24,0,10.2,10:00,12998,1,237530,8,9332,5
12:49,3,18.46,12.82,1.03,02:00,5989,1,237598,5,14688,4
10:57,3,16.36,0,0,02:00,2791,1,239886,16,18940,3
14:44,9,36,0,0,01:00,2533,1,271638,16,20795,31
19:08,6,25.26,19.13,2.03,27:00,2602,1,271647,18,17839,8
29:35,16,26.9,13.32,0,00:00,10442,1,271672,13,26801,12
24:01,7,22.5,23.2,4.07,44:00,3329,1,242128,18,16372,9
23:01,7,20.87,0,0,42:00,3182,1,242206,18,16532,8
21:54,27,65.45,21.9,6.63,00:00,8569,1,237631,9,8440,8
07:11,3,25.71,7.18,0,30:00,3657,0,276179,8,11296,3
05:35,4,50,0,0,33:00,13509,1,276191,23,13420,4
09:42,2,12,6.65,0,30:00,1354,0,276196,8,11299,2
26:39,16,42.22,0,18.95,10:00,4532,1,276201,15,15930,18
14:53,8,40,14.88,0,23:00,4034,1,237652,18,15679,11
09:44,9,30,4.08,7.7,00:00,4457,1,237706,7,7016,5
13:17,10,23.08,0,1.02,30:00,2383,1,237758,15,13267,5
14:23,5,16,14.38,1.03,20:00,5338,1,239992,5,15121,4
01:45,19,19.35,9.27,0,07:00,5040,1,240006,16,19163,10
17:50,11,33.33,16.97,0,32:00,3046,1,240025,9,8747,9
24:02,6,17.5,24.03,0,10:00,4598,1,240050,8,9398,1
36:23,35,61.67,0,34.12,00:00,10424,1,240082,6,22728,37
10:41,10,38.18,0,9.68,00:00,4858,1,274129,7,10451,6
19:59,14,33,14.87,0,00:00,10858,1,242274,13,24130,11
14:39,9,36,14.65,0,10:00,4051,0,242338,24,15711,9
11:11,56,47.32,51.58,71.19,00:00,10503,0,235625,6,4570,4
44:24,38,49.33,38.42,0,30:00,11802,1,237784,6,21519,37
18:38,12,34.74,1.2,0,00:00,7276,0,276325,17,24188,11
10:47,8,32.73,6.7,0,40:00,3472,0,276335,7,9008,5
09:42,6,24,0,0,10:00,3364,1,278500,13,25769,4
13:18,6,23.08,1.02,0,00:00,13783,1,278501,20,10501,5
04:55,3,24,0,0,00:00,2709,0,278622,19,17946,2
21:16,6,20,0,14.15,00:00,1690,1,271834,15,16998,6
19:56,8,27,0,19.93,10:00,1777,1,237832,15,13300,7
33:50,13,22.94,33.83,0,53:00,5731,1,240168,16,19432,12
10:11,8,32.73,10.18,0,30:00,6587,0,240174,17,21791,6
09:42,7,36,9.7,6.15,30:00,12895,1,242360,24,15725,6
17:48,8,23.33,17.8,0,40:00,3034,1,271866,19,18556,8
20:11,5,24,20.18,4.18,36:00,5965,1,271867,18,17471,8
12:54,10,23.08,12.9,0,30:00,1288,0,271872,7,9925,5
16:24,13,41.25,0,0,10:00,10593,1,271884,13,26222,10
39:03,32,56.92,0,0,20:00,12535,1,271937,6,27636,37
06:43,3,8.57,0,0,10:00,10109,1,274249,13,27061,2
09:56,7,24,0,9.93,10:00,12930,1,274273,17,27463,4
09:18,5,20,9.3,0,30:00,1162,0,276431,13,25715,3
10:09,5,24,10.15,0,40:00,2841,1,235769,6,19625,4
19:40,10,24,0,0,10:00,4667,1,237936,11,25161,8
12:50,9,41.54,0,0,10:00,7589,1,237949,6,21566,10
09:12,2,12,0,6.15,00:00,5235,1,276527,15,15164,2
22:45,13,28.7,0,0,40:00,6309,1,276530,13,24328,11
12:55,7,27.69,0,0,10:00,10429,1,276536,17,22459,5
13:01,8,41.54,13.02,0,10:00,10268,1,278644,8,10470,8
15:18,8,36,0,13.25,20:00,6818,1,278648,7,8331,8
48:51,24,37.96,48.85,3.18,31:00,9513,1,271984,18,17747,31
36:50,49,61.62,0,0,00:00,10328,1,271992,17,26690,37
14:22,8,36,14.37,0,22:00,3448,1,271996,9,9845,10
13:13,8,30,13.22,0,20:00,6610,1,271996,19,18736,8
31:50,18,31.88,0,30.82,10:00,7432,1,237958,17,19881,16
09:41,26,16.29,0,0,36:00,4458,1,238040,11,25194,17
25:59,11,30,0,0,28:00,4025,1,240353,16,18965,10
10:09,2,12,0,0,30:00,6134,1,240378,19,17288,2
20:48,5,22.86,20.8,4.07,22:00,2598,1,240383,18,15982,8
15:47,10,33.75,15.78,0,07:00,4053,1,240391,16,18983,9
47:08,65,71.49,10.77,45.67,28:00,10082,1,242527,6,19793,56
38:57,36,58.46,0,35.9,00:00,12310,0,272083,6,28014,37
12:49,3,27.69,0,0,35:00,3872,1,242581,9,7793,5
05:45,77,59.08,0,0,30:00,11471,1,242583,6,19857,58
39:59,38,51,39.98,0,30:00,11712,1,270514,8,12256,34
09:38,10,36,8.62,0,00:00,4226,1,270530,7,9751,5
16:50,8,28.24,16.83,0,10:00,10035,1,263971,8,13368,8
07:29,8,30,0,6.13,30:00,12116,1,266204,17,28547,4
18:22,7,33.33,0,0,31:00,4222,0,266252,20,11643,9
06:01,2,20,0,0,17:00,4595,1,268386,20,10526,2
16:19,11,30,0,0,10:00,4341,1,264062,7,10750,6
17:27,15,36.67,1.03,16.35,40:00,14217,1,296721,7,12972,11
20:27,8,20,20.45,0,30:00,3880,1,266380,5,18366,6
16:50,11,24.71,13.77,0,40:00,5754,1,268499,7,8399,7
06:39,7,60,6.65,0,10:00,4848,1,268503,19,18057,8
42:22,23,37.14,0,42.37,10:00,7270,1,268526,15,15458,25
16:59,12,35.29,0,16.98,10:00,7438,1,268537,13,24621,10
49:11,28,43.2,0,45.52,00:00,4970,1,268543,17,22875,36
04:31,2,24,2.57,0,27:00,793,1,216030,9,5160,2
16:39,4,10.59,2.88,0,30:00,819,0,262103,13,29866,3
13:13,9,27.69,0,0,00:00,5242,1,262105,17,31452,6
15:28,6,32,2,0,10:00,1689,0,262212,8,16665,8
28:36,11,25.71,9.25,0,06:00,4204,1,264181,18,18283,12
10:14,4,18,10.23,0,00:00,4980,1,264290,8,14354,3
10:10,6,36,10.17,0,40:00,3620,0,266479,13,28690,6
26:31,21,40,24.47,0,10:00,7087,1,266496,20,12098,17
20:54,7,20,8.17,0,00:00,3236,0,266513,8,15145,3
18:54,10,22.11,18.9,0,40:00,3290,0,268624,17,22936,6
24:29,12,26.4,24.48,0,20:00,6949,1,268636,8,10679,6
30:05,26,12.67,0,0,07:00,8014,1,216144,14,12608,18
06:09,5,50,0,4.1,00:00,8266,1,216208,19,9128,5
10:11,4,16.36,3.07,0,40:00,6094,1,268759,8,11093,3
17:06,16,38.82,10.75,0,20:00,9638,1,264405,13,28520,11
13:16,8,36.92,13.27,7.15,20:00,12252,1,264413,8,14866,8
07:11,8,42.86,7.18,5.93,10:00,4376,1,266623,7,10631,5
10:13,7,24,0,10.22,20:00,7086,1,268766,17,23820,4
36:55,19,42.16,8.2,32.87,20:00,12041,1,268868,19,18156,27
27:05,22,40,14.78,27.08,30:00,9122,1,268879,7,9215,18
11:55,41,32.5,0,71.92,31:00,7009,1,216290,11,17524,37
23:40,15,22.5,0,0,52:00,6186,1,216295,10,13340,9
19:10,86,62.25,0,40.52,30:00,12553,1,216341,10,13423,82
19:29,7,12,14.42,18.38,03:00,1945,1,264508,18,18910,4
34:31,18,18.86,0,0,38:00,6670,1,214161,14,11402,11
25:19,28,62.31,25.32,0,11:00,7968,1,214173,9,4239,26
27:02,25,15.86,0,0,21:00,4397,1,214179,14,11425,22
08:48,2,22.5,8.8,6.25,50:00,466,0,214204,22,6231,3
21:24,12,35.45,9.25,0,20:00,4399,1,214204,24,8544,12
02:38,38,37.14,0,61.12,35:00,6735,1,216434,11,17614,38
14:10,6,25.71,1.87,0,30:00,3861,1,268954,19,18181,6
14:06,8,30,14.1,0,00:00,2036,1,268973,19,18188,7
17:50,7,20,16.73,0,40:00,6554,1,268979,13,25573,3
16:24,11,35.29,0,12.32,00:00,13935,1,296038,17,32420,10
18:28,15,41.05,0,16.4,00:00,8054,1,296044,7,12901,12
04:30,49,36.92,0,60.45,00:00,7929,1,216490,11,17654,38
09:41,7,18,0,9.68,40:00,3379,1,262630,8,16351,3
06:52,4,25.71,0,3.82,20:00,4327,1,262645,7,12477,2
27:47,17,36.43,15.45,25.45,30:00,3306,1,264635,19,18924,8
17:47,10,16.67,17.78,0,00:00,5120,1,266823,7,10879,5
18:11,9,25.26,18.18,0,10:00,2118,0,266829,8,14108,8
10:04,6,18,0,0,20:00,6965,1,296152,17,32496,3
16:54,11,31.76,16.9,16.9,00:00,10530,1,296170,8,16919,9
20:30,19,42.86,0,17.97,00:00,7688,1,216636,11,17690,14
13:48,6,34.29,0,13.8,00:00,13210,1,266942,8,14661,8
19:53,15,45,19.88,0,00:00,2452,0,269074,6,25934,14
21:36,12,42.86,0,0,00:00,13270,1,269094,6,25964,15
25:06,7,14.4,0,0,18:00,6123,1,214531,21,2989,5
04:28,2,30,0,0,00:00,1626,1,216732,6,13036,2
06:40,3,8.57,3.15,4.7,20:00,14969,1,221121,12,7421,1
13:14,10,46.15,1.52,11.72,20:00,9888,1,221129,10,12590,10
17:51,11,40,0,0,29:00,4034,1,221183,14,11829,11
15:02,48,32,0,7.68,27:00,7064,1,223398,11,16835,39
41:53,58,64.29,11.7,0,29:00,9722,1,249442,17,15418,44
13:44,18,46.15,0,0,53:00,341,0,249449,10,15732,10
17:00,11,38.82,0,13.72,00:00,7903,1,251705,13,20596,11
07:40,50,35.29,0,0,00:00,7293,1,251725,11,22239,40
48:18,69,70,1.53,46.35,19:00,10527,1,256117,6,16763,56
16:33,12,35.29,4.07,0,05:00,5471,1,256132,20,6314,9
07:38,3,30,0,0,27:00,5004,1,256157,9,6466,4
49:01,87,77.14,0,42.35,40:00,13230,1,256174,6,17416,63
13:09,13,32.31,13.15,0,00:00,13004,1,258401,7,11417,8
15:17,14,41.25,11.18,0,20:00,9833,1,258402,13,28853,11
10:13,3,24,10.22,0,10:00,12615,1,260664,8,16575,3
49:26,70,67.2,7.22,46,01:00,11214,1,253906,6,16423,17
04:23,46,36,0,0,35:00,6523,1,254018,11,20177,25
09:40,3,18,9.67,0,30:00,11816,1,258536,8,15370,3
16:23,17,49.41,5.63,0,07:00,24333,1,254047,20,5705,14
13:30,7,27.69,0,4.75,00:00,2212,0,254068,19,12105,6
53:35,51,44.15,0,49.53,00:00,7614,1,254074,11,20216,38
07:42,4,37.5,0,0,43:00,2014,1,254140,9,6518,5
16:19,11,41.25,0,14.43,33:00,4025,1,256463,6,15783,10
20:37,14,34.29,0,14.53,00:00,4970,1,247389,8,6664,11
04:05,2,15,3.07,3.07,19:00,9763,0,247396,23,8831,1
07:14,5,30,0,6.03,50:00,8203,1,247399,11,20647,4
13:17,9,36.92,13.28,0,00:00,12896,1,258678,19,19490,8
16:19,10,37.5,0,16.32,10:00,13142,1,258700,20,12615,10
10:28,6,24,0,10.47,30:00,8896,1,258702,13,28953,5
06:51,1,17.14,0,6.85,10:00,12629,1,258703,8,15457,2
09:58,7,30,0,5.9,00:00,10527,1,258709,17,29992,5
03:11,42,37.14,60.15,0,00:00,13467,1,260881,6,30774,12
20:50,5,11.43,20.83,0,00:00,13023,1,260904,8,16038,3
02:34,29,23.81,62.57,62.57,02:00,8694,1,260957,5,18978,24
39:19,51,29.09,17.87,36.3,40:00,9869,1,254167,24,13736,46
14:50,14,48,0,13.32,00:00,4806,1,254173,8,6717,12
06:56,1,17.14,0,0,03:00,8155,1,254173,23,8918,1
10:14,4,16.36,0,0,10:00,2084,0,247480,19,12930,3
04:38,47,36.56,0,0,07:00,7948,1,249587,11,21952,39
34:08,10,20.57,0,0,44:00,11474,1,249594,16,16779,12
32:15,24,48.75,8.8,0,00:00,8499,1,249618,10,15831,26
06:22,47,35.45,0,66.37,00:00,7575,1,249649,11,21991,39
29:01,18,18.62,29.02,29.02,00:00,7722,1,249671,22,8354,9
16:27,8,30,0,0,07:00,5405,1,256557,20,5233,8
15:43,11,45,0,13.17,00:00,7850,1,256609,8,6183,12
10:58,12,43.64,0,8.93,50:00,11000,1,247501,11,21221,7
10:53,47,32.96,0,0,14:00,7897,1,247576,11,21260,38
25:11,16,33.6,0,0,14:00,3706,1,247576,16,16453,14
18:10,7,36.67,0,1.52,07:00,3566,1,247601,9,6606,9
16:20,20,56.25,0,0,00:00,12988,1,258832,20,12765,14
29:49,30,46,4.63,0,40:00,876,0,260994,13,29738,22
19:54,12,24,16.27,0,00:00,2911,0,261000,13,29746,4
14:11,4,25.71,0,0,20:00,12758,1,261029,13,29774,3
33:08,61,81.82,0,31.23,26:00,9947,1,249724,17,15622,45
09:21,4,20,0,0,35:00,749,1,249744,9,6917,3
33:17,47,32.9,0,0,40:00,9123,1,249768,21,4127,6
02:43,34,32.38,0,0,20:00,11713,1,249779,6,17869,28
03:49,53,37.5,0,60.78,30:00,9308,1,249782,11,22077,36
06:11,70,60,0,0,00:00,13552,1,251947,20,9085,66
23:45,24,55,0,0,05:00,10905,1,251994,10,16083,22
41:27,29,55.61,0,0,28:00,23647,1,254383,11,19304,38
23:59,20,45,0,0,46:00,3688,0,254388,9,5913,18
14:53,5,20,0,13.85,00:00,5188,0,254400,19,11041,5
04:50,44,36,0,49.5,10:00,7120,1,256701,11,20528,38
23:37,7,15,4.62,22.1,00:00,13035,1,256705,15,10692,6
49:29,62,67.2,0,48,46:00,9468,0,256777,6,16883,25
22:59,16,46.96,0,20.88,20:00,9956,1,259007,17,30110,18
14:46,16,56,0,14.77,30:00,11655,1,261162,20,13714,14
16:40,11,31.76,0,11.1,10:00,7458,1,261173,17,31908,10
17:35,11,33.33,0,0,30:00,11842,1,254455,7,4818,10
04:32,4,45,0,0,40:00,10449,1,254477,6,16479,3
28:05,11,24.83,28.08,2.57,47:00,5903,1,245447,18,15280,12
33:13,20,44.12,0,31.2,20:00,10561,1,245501,12,9496,25
26:21,22,48.46,0,23.58,24:00,7208,1,245509,23,11155,20
14:58,19,60,0,11.92,35:00,11000,1,247645,20,7361,14
14:33,55,32,0,0,43:00,9130,1,256887,11,21009,23
19:17,12,33,0,0,40:00,13907,1,256933,7,5201,10
20:15,8,14.29,3.07,20.25,50:00,2890,0,298789,13,30635,5
13:03,6,23.08,1.02,0,20:00,9996,1,240904,13,23289,4
26:39,15,42.22,0,26.65,00:00,5017,1,240911,15,13893,18
47:42,25,21.25,0,3.03,28:00,6990,1,243097,5,13542,17
12:29,42,32.5,0,0,23:00,6804,1,243101,11,23106,39
20:07,6,12,12,4.43,29:00,1880,0,236500,5,14161,6
26:32,10,30,0,0,15:00,4527,1,236512,16,18142,12
30:01,15,28,0,0,20:00,3999,1,238788,11,25390,14
10:15,9,30,0,0,10:00,4448,1,272156,7,10341,5
29:47,8,16.55,0,0,35:00,3964,1,240972,20,10155,7
22:00,6,16.36,19.97,3.05,14:00,3072,0,240988,18,16341,5
26:36,12,30,0,0,50:00,5821,1,241020,7,7594,12
39:16,21,37.5,0,36.23,40:00,8458,1,241049,15,14294,25
33:35,31,54.55,33.58,0,32:00,12579,1,243245,10,16399,30
41:10,56,57.07,0,41.17,00:00,9325,1,243292,11,23560,38
17:08,14,28.24,17.13,17.13,20:00,6991,1,243292,22,9077,8
30:05,17,36,0,0,51:00,3258,0,274507,16,19611,12
02:02,1,60,2.03,0,10:00,7642,1,274525,16,19617,3
19:27,6,25.26,0,0,20:00,2005,0,274565,19,17716,9
29:49,54,42,0,26.15,40:00,11430,1,274571,19,17737,21
12:03,6,35,0,8.23,30:00,6426,1,274574,8,10107,7
07:08,5,34.29,0,5.08,10:00,10725,1,274576,13,24213,3
14:56,5,8,5.92,0,25:00,3471,1,236539,6,20548,2
12:55,7,18.46,0,0,10:00,10311,1,238938,17,20868,4
23:24,8,31.3,0,20.37,00:00,7693,1,238955,15,14067,12
06:07,3,17.14,6.12,0,02:00,5194,1,272327,16,20585,2
05:43,36,40,64.7,10.2,09:00,2492,0,272341,18,17547,8
19:00,8,18.95,19,0,00:00,5691,1,272353,12,14260,23
19:49,11,18,19.82,0,10:00,12478,1,272356,17,26189,6
13:18,9,21.43,13.3,0,00:00,11028,1,272362,13,26286,5
39:25,20,36.92,13.85,0,40:00,6404,1,272363,19,18610,24
10:19,7,36,0,0,00:00,8166,1,241146,17,21947,5
20:08,13,27,0,20.13,40:00,6111,1,241170,7,7849,8
12:06,6,25,12.1,0,00:00,8778,1,243353,11,24044,7
46:29,56,60,0,0,59:00,8434,1,236654,17,18550,44
12:58,22,20.55,0,0,15:00,4701,1,236657,15,12299,15
25:02,13,41.54,0,21.28,00:00,5380,0,276886,17,24238,18
05:45,8,50,0,5.75,30:00,9120,1,276890,7,9018,5
08:19,23,22.94,0,16.28,00:00,4257,0,236783,15,12570,24
06:49,4,51.43,0,0,40:00,3132,1,241276,19,17590,5
43:30,19,34.88,43.5,41.73,00:00,10449,1,272422,5,17186,24
32:44,11,21.82,26.62,0,12:00,4327,1,272453,18,17773,11
26:44,19,44.44,26.73,0,00:00,7195,1,272479,19,18782,20
09:42,8,24,1,9.7,00:00,4945,1,272507,7,10161,4
43:35,17,24.55,0,0,24:00,4455,1,241356,9,8690,12
05:34,47,42.73,49.35,0,20:00,12923,1,241372,6,22453,37
08:56,29,20,0,0,18:00,4429,1,243546,11,24287,22
17:40,3,7.06,0,0,13:00,1179,1,243570,16,18405,1
02:08,25,30,0,0,20:00,3699,0,243585,15,12775,31
19:56,10,24,0,0,10:00,7737,1,274775,13,24700,8
16:26,12,33.75,0,0,20:00,1740,0,274869,13,25100,9
22:38,9,26.09,0,0,20:00,3981,1,236917,13,22390,10
16:31,15,45.88,0,15.5,30:00,9249,1,239214,13,23844,13
08:53,8,33.33,0,0,20:00,1618,0,239215,17,21694,5
05:59,2,30,0,0,50:00,1776,1,239258,13,23040,2
36:55,24,40,12.33,0,20:00,5381,0,239260,12,10938,23
23:07,13,39.13,0,0,00:00,5035,1,239274,6,22048,15
07:55,5,22.5,0,0,00:00,1435,1,239276,13,23046,3
10:13,9,36,0,8.18,20:00,12332,1,241406,17,20738,6
06:01,5,30,0,6.02,00:00,10717,1,241408,7,7339,3
37:26,34,58.42,0,0,40:00,11268,1,272648,6,28125,37
13:10,7,27.69,0,0,10:00,4233,1,272650,7,10366,5
26:25,14,24.44,9.25,0,00:00,7869,1,274881,13,25122,11
17:53,10,23.33,0,14.83,20:00,6891,1,274897,7,8933,7
07:35,15,10.75,51.2,0.97,12:00,7741,1,241471,12,11587,10
16:57,5,17.65,0,12.03,30:00,2471,1,241483,15,14305,5
06:54,6,25.71,0,0,20:00,9584,1,241511,17,21486,3
04:31,48,36.92,0,60.44,10:00,7077,1,243681,11,23146,4
17:23,14,45.88,0,16.37,00:00,4736,1,236953,17,19317,14
01:13,39,29.51,10.02,0,10:00,10133,1,297462,13,30511,29
09:57,2,18,9.95,9.95,00:00,10483,1,297476,8,16989,2
16:49,6,31.76,0,12.23,10:00,9521,1,274999,8,11724,8
12:50,12,23.08,0,9.8,00:00,5542,1,277119,17,25002,5
09:54,4,24,9.9,0,10:00,12668,1,261833,8,16126,3
19:35,10,24,0,0,40:00,5797,1,239418,7,7488,7
09:12,5,24,0,0,10:00,7690,0,299571,13,30711,4
17:29,5,17.65,0,0,21:00,13915,1,272792,5,16969,4
17:40,8,26.67,0,0,36:00,3407,1,275064,16,20309,8
23:01,7,31.3,0,18.97,00:00,7655,1,241640,15,14911,12
14:01,85,38.57,0,0,14:00,2199,0,243885,9,7861,9
36:21,24,45,0,0,00:00,10336,1,243885,17,18207,27
13:15,6,27.69,13.25,0,11:00,4498,1,243896,9,7873,6
31:09,11,16.88,0,0,00:00,13043,1,243907,7,6212,1
36:54,15,24.32,0,36.9,33:00,3930,1,244016,14,16309,15
07:19,3,17.14,7.32,0,31:00,1382,1,237074,9,8329,1
22:27,18,49.57,0,0,00:00,11038,1,237090,6,21309,19
38:21,22,30.77,0,38.35,40:00,8725,1,237101,11,24863,21
09:42,7,24,0,8.68,10:00,4307,1,237108,17,19396,4
30:37,29,50,0,0,20:00,7230,1,275080,17,24763,25
13:04,9,32.31,13.07,0,20:00,2989,1,275101,19,18204,7
13:08,3,9.23,13.13,0,00:00,2416,1,275118,13,25632,2
16:54,7,24.71,16.9,0,21:00,1238,1,277308,16,19750,6
16:34,3,11.25,16.57,0,20:00,4396,0,277326,8,10328,2
29:42,17,39.31,19.52,25.65,00:00,4811,1,277343,15,15286,18
16:21,6,38.82,0,0,04:00,4021,1,277376,9,9383,10
05:59,27,17.27,4.1,0,16:00,3690,1,237170,11,24882,18
14:17,6,30,14.28,0,43:00,2971,1,237205,16,18608,7
26:36,16,43.85,0,26.6,00:00,5009,1,239435,15,14105,18
07:42,5,37.5,0,6.68,20:00,9814,1,239437,13,23459,4
09:47,3,18,9.78,9.78,20:00,8273,1,239437,8,9367,3
19:49,12,33,0,15.75,10:00,12872,1,239441,17,20981,11
19:50,7,30,0,19.83,42:00,5981,1,239483,18,16151,10
13:01,7,36.92,13.02,0,31:00,2981,1,239520,9,8728,8
07:12,7,42.86,0,6.15,00:00,7980,1,241667,7,7899,4
07:01,3,25.71,0,0,24:00,6909,1,272804,20,10881,2
16:23,11,31.76,13.33,0,20:00,9265,1,272862,8,12854,9
13:13,14,36.92,13.22,0,00:00,10186,1,272863,7,9988,7
31:09,17,25.16,0,0,42:00,6191,1,275168,16,19648,13
22:03,11,32.73,0,0,00:00,5476,1,275194,6,23630,11
29:55,18,40,0,0,40:00,8337,1,275211,19,17794,19
32:48,15,34.55,0,32.8,00:00,5261,1,275229,15,15077,5
18:02,7,20,0,11.32,00:00,8000,0,277426,17,23503,6
22:13,14,31.3,22.22,14.92,00:00,4913,1,215213,6,11450,11
03:33,1,20,0,0,10:00,10238,1,215219,19,8314,2
26:45,15,40,0,26.75,30:00,5839,1,215244,12,7568,16
09:58,9,60,6,9.97,10:00,7345,1,198591,11,10406,10
04:35,1,12,0,0,16:00,1178,1,215321,21,3065,2
52:30,87,74.72,5,50.57,50:00,13223,1,215368,6,12255,66
07:27,6,30,0,0,00:00,12369,1,217829,6,13664,3
35:46,12,18.33,0,26.67,20:00,17000,1,217846,13,167356,10
16:08,77,63.16,76.14,0,25:00,25230,1,198665,10,2768,81
52:26,44,45,1.53,52.43,15:00,7571,1,215428,11,17152,38
24:06,7,25,0,6.17,18:00,4167,1,217440,18,12016,10
22:22,6,13.64,0,0,34:00,2880,1,217458,14,13041,5
09:18,6,40,0,7.45,40:00,7687,1,217966,6,14203,6
01:08,4,300,0,0,18:00,4817,1,196968,9,2619,11
35:23,11,12,31.95,0,16:00,13006,1,215860,14,12492,7
18:45,5,15.79,2.97,0,27:00,5072,1,208076,11,7549,7
