TripTime(min),Lost SOC (%), TEL_AVG_VELOCITY, AC_ON_DURATION(min), HEADLAMP_ON_DURATION(min),Total Charge Time (min), CHARGE_AMOUNT, FULLCHARGEFLAG, CALENDAR_KEY, VEHICLE_ID, END_ODO_ACTUAL, TRIP_DISTANCE(km)
36.8,34,55.14,36.83,0,20,4129,0,270802,8,12427,34
37.4,30,50.27,19,0,30,4765,0,270814,8,12458,30
13.3,10,23.08,13.25,0,20,2834,1,272935,7,10172,5
22.9,21,39.13,14.73,16.77,30,15103,1,272974,6,27727,15
8.0,3,15,7.98,0,10,1977,0,272982,8,13276,2
26.4,12,42.22,0,22.35,0,4887,0,273016,17,26916,18
22.5,14,39.13,0,0,9,5152,0,275305,16,19706,15
14.1,6,17.14,14.13,12.87,13,5993,1,275371,5,15836,4
17.0,11,45.88,12.22,0,0,10626,1,275419,6,24421,12
19.1,10,25.26,0,0,20,10224,1,277523,7,8727,6
18.8,6,25.26,12.92,1.82,46,4579,1,277528,18,16915,8
15.8,4,7.5,15.77,0,30,11448,1,270952,8,12554,2
23.5,19,46.96,23.53,0,20,7428,1,270961,19,18547,18
20.2,14,45,20.17,0,10,4751,1,273076,19,18854,14
14.2,11,42.86,0,12.13,10,4884,0,273153,17,27261,10
12.8,5,32.31,0,0,20,4233,0,275444,7,8541,8
6.9,3,25.71,6.88,0,20,9409,1,275446,8,10755,3
35.9,33,58.33,35.93,0,0,2597,0,275518,8,11226,34
36.7,16,22.7,36.67,0,47,5918,1,275519,16,20177,14
6.6,2,17.14,6.63,0,30,8954,1,275534,8,11229,2
30.3,16,38,0,17.97,0,5072,1,275542,15,15892,18
19.7,10,42,0,17.63,20,9945,1,275550,17,24023,15
9.8,7,18,9.8,9.8,20,7031,1,277669,17,24323,3
36.9,29,48.65,32.85,0,10,9925,1,277738,8,11992,30
29.1,19,35.17,0,0,26,11216,0,208430,11,7293,21
23.1,22,54.78,23.13,0,30,6868,1,271097,6,26846,20
15.8,59,50.53,19.27,39.38,10,9595,1,271117,8,12623,64
6.9,3,17.14,3.1,0,24,4263,1,273289,20,10903,2
32.8,18,30.91,32.82,0,25,16604,1,201697,13,9539,26
10.0,6,18,0,4.9,0,5159,1,275657,17,24796,3
16.4,7,26.25,0,14.33,20,9527,1,275674,15,16292,7
39.0,30,56.92,1.03,0,0,13548,1,277921,6,24035,37
24.0,12,30,0,0,30,3968,0,271242,17,25912,5
14.9,5,24,0,9.3,10,9500,1,271262,7,9876,6
36.5,20,43.33,0,36.52,30,6213,1,273359,15,17089,25
39.8,33,55.5,0,39.83,10,12989,1,273365,6,27320,37
13.3,8,34.29,13.25,0,40,5992,1,275756,19,18250,7
30.7,11,25.16,0,0,10,2184,0,275769,15,16317,12
0.9,18,25.57,60.85,0,2,30254,1,199385,13,8718,28
13.2,9,36.92,13.23,0,50,2995,1,277976,19,17902,8
10.8,6,27.27,0,0,30,4002,1,278057,13,24902,5
14.7,7,28,14.73,0,30,6546,1,208591,10,861,9
26.7,14,28.89,0,0,40,3347,1,273593,7,10319,13
9.7,6,24,0,0,0,7539,1,273607,17,27349,3
45.8,14,19.57,45.77,0,21,7440,1,199482,11,8128,17
36.8,18,34.05,36.82,0,40,16400,1,199483,13,9072,27
10.0,2,6,0,1,23,9052,1,199514,18,7654,11
15.7,2,7.5,15.73,0,11,9874,1,199584,11,8544,7
14.0,5,25.71,0,0,33,8806,0,202138,11,8297,6
15.1,5,32,0,1,12,4706,1,202272,18,7800,11
3.0,3,40,0,0,0,4543,1,225541,6,4666,4
13.9,75,46.22,0,71.8,0,6543,0,218903,24,11225,55
15.7,13,37.5,0,15.68,0,7904,1,221261,11,16132,5
15.9,12,32,0,12.32,40,15111,1,221362,13,15794,8
25.3,73,49.53,0,0,10,13066,1,223448,6,12090,57
19.8,7,21,0,16.27,0,13370,1,223457,13,16041,7
5.7,2,24,0,3.1,0,7915,1,223468,8,4439,2
31.2,19,37.5,0,0,8,6819,0,223504,21,2669,20
29.4,8,16.55,17.83,0,43,857,0,223524,14,11272,7
36.2,20,43.33,0,0,29,1589,0,223529,24,8371,25
17.9,6,16.67,0,16.45,0,13558,1,223546,12,6871,4
7.0,6,68.57,7.02,7.02,40,11421,1,225708,24,4979,9
40.8,66,84.88,7.42,0,20,13819,1,225769,6,6491,62
13.9,8,34.29,0,12.33,0,2330,0,219077,13,17058,7
19.4,9,24,0,11.75,40,4467,1,219084,13,17066,7
18.5,12,41.05,0,16.45,0,8303,1,221366,11,16811,12
12.3,41,32.5,63.08,0,24,1772,0,223614,11,15311,38
17.9,9,26.67,0,0,2,14087,1,219155,20,3749,8
4.4,59,51.69,0,0,40,9680,1,219159,6,14960,54
31.1,11,21.29,0,0,31,9642,1,221505,14,11231,11
9.5,4,33.33,8.18,0,10,2351,0,221630,19,7456,14
9.8,4,30,3.12,0,46,252,1,223742,9,4340,4
19.1,7,37.89,0,0,11,8385,1,223750,14,11605,11
22.2,18,33.91,0,22.15,0,10366,1,223789,8,3844,13
21.1,9,25.71,0,19.58,11,2380,0,223790,6,10687,9
4.6,6,75,4.62,3.08,10,7470,1,223792,19,7712,5
35.8,29,40,35.8,0,30,11951,1,226013,24,62226,24
1.6,50,40.33,0,0,5,8286,1,219388,11,18231,41
12.3,7,35,12.33,0,52,8722,1,223994,6,11208,6
22.5,8,27.27,22.53,22.53,17,3519,1,219418,18,12072,10
39.4,24,36,0,38.27,40,10994,1,219430,15,9674,24
6.6,3,20,0,4.58,0,10339,1,219431,19,10206,2
46.4,28,31.3,46.43,46.43,0,8556,1,219503,5,11216,24
4.9,46,36.56,59.28,21.08,24,9842,1,219512,11,18502,39
23.8,84,52.14,1.53,0,13,2440,0,219512,20,3173,59
13.9,7,38.57,0,0,9,2080,1,219535,9,5530,9
39.8,25,46.5,3.07,0,3,1308,1,219545,9,5577,30
16.1,26,15.79,15.02,0,28,4455,0,221841,14,11868,18
19.6,10,30,0,0,19,4681,1,221854,10,12839,9
36.1,19,33.33,0,0,44,6439,1,221858,14,11888,20
4.6,43,36.56,0,0,17,1892,1,224055,11,16915,25
5.8,27,23.64,49.87,18.53,6,5426,0,226414,15,6648,25
9.2,4,26.67,9.23,9.23,30,6694,1,226486,24,6317,2
8.2,5,22.5,8.2,6.17,20,7402,1,219569,23,8008,3
50.9,79,75.29,0,0,26,13163,1,219634,6,15080,62
7.7,4,25.71,0,0,38,3881,1,219686,9,5794,4
26.9,84,57.24,0,50.93,40,14282,1,224182,10,11247,82
11.9,7,30,0,10.65,40,5833,1,224183,19,7214,6
49.8,66,68.57,7.65,46.47,12,10798,1,255463,6,16651,17
6.7,51,36.36,0,64.68,50,8052,1,255491,11,20969,39
13.4,20,69.23,0,11.88,30,14322,1,255496,20,6730,14
51.2,62,65.88,0,51.22,50,10073,1,255517,6,17292,57
10.2,6,21.82,0,0,0,12996,1,265163,20,11912,4
16.9,8,28.24,16.85,12.8,30,11647,1,265213,8,15014,8
13.3,7,41.54,0,0,0,13327,1,265284,8,13517,8
6.3,25,26.36,0,0,14,7680,0,257876,18,18165,17
43.5,18,32.73,43.5,0,0,8468,1,257891,5,17771,24
9.7,5,24,0,0,0,5240,1,260120,13,29403,3
36.0,35,56.67,35.98,0,0,10485,1,267472,8,14182,34
15.1,8,24,15.07,0,10,4119,1,269653,12,13813,21
24.1,9,28.8,0,19.47,10,6952,1,269664,15,16628,12
35.1,36,63.33,0,33.05,40,11701,1,269692,6,26213,37
15.8,9,30,0,0,40,2452,1,263088,19,19941,8
10.0,3,12,10.02,10.02,0,2657,0,263109,8,16426,3
16.2,12,41.25,0,16.22,30,9509,1,263118,13,29994,11
3.1,59,53.33,0,0,10,10657,1,255610,6,17353,17
0.1,20,20,0,0,16,5082,0,255694,14,13665,18
17.0,3,18.7,0,0,12,7670,0,258004,18,18233,24
1.0,1,60,0,0,44,8806,1,265369,20,11248,2
9.2,11,26.67,7.17,6.17,10,7577,1,265421,7,10820,4
52.5,21,23.08,19.43,3.03,4,8038,1,258036,18,18259,11
16.8,6,17.65,0,0,0,2250,0,260268,7,12029,5
34.3,19,34.29,0,11.88,40,3919,0,253481,9,6505,20
16.5,9,30,0,0,40,13904,1,253508,7,5051,8
9.1,12,33.33,3.1,8.1,10,7498,1,267627,7,11132,5
19.6,10,34.74,0,0,10,12524,1,253604,7,4586,10
24.6,8,19.2,0,0,36,6002,1,255713,14,13684,8
18.1,8,26.67,0,0,10,2094,0,255718,13,17259,9
19.5,9,33,0,0,40,14191,1,255719,7,4667,10
9.4,77,69.57,0,52.65,10,13017,1,255728,20,4723,80
22.5,7,16.36,0,19.62,7,4800,1,255745,18,12733,5
16.4,11,33.75,16.4,15.37,20,12329,1,258064,8,14333,9
7.2,8,42.86,1.03,6.12,10,7526,1,258067,7,10961,5
44.5,26,39.55,0,0,0,10426,1,265514,17,28455,28
10.5,9,38.18,10.47,10.47,20,12651,1,267741,13,28393,6
22.8,18,40.91,0,17.68,10,12964,1,260285,17,30720,14
12.3,7,27.69,0,10.2,0,10911,1,260298,7,12041,6
13.3,3,13.85,13.27,4.05,15,6126,1,260350,5,18775,4
13.3,9,27.69,9.15,0,0,5341,1,260411,7,12071,5
28.4,19,51.72,0,27.15,10,15294,1,253645,19,10918,24
33.0,21,45.45,0,0,20,3881,0,270066,7,9658,24
37.4,39,47.37,37.43,0,30,9637,1,270082,7,9689,29
13.2,5,23.08,13.18,10.13,0,5117,1,270121,8,12147,4
30.2,17,32.9,0,25.47,20,3350,1,270124,15,16745,14
15.9,10,37.5,0,0,10,12542,1,263469,17,31088,11
13.4,11,32.31,13.37,0,47,6980,1,255895,21,3485,7
15.9,14,33.75,15.9,15.9,10,4376,1,258201,7,10981,8
10.0,7,30,0,0,0,7459,1,258262,7,11181,5
13.4,8,36.92,13.38,13.38,30,11666,1,265628,8,14510,8
26.7,20,42.22,26.67,0,0,8047,0,267835,19,18035,18
13.0,6,23.08,0,0,30,9377,1,267848,13,24555,5
26.6,16,42.22,24.6,23.57,0,5073,1,267858,15,15404,17
12.5,11,36.92,6.32,0,20,6666,1,267859,7,8373,8
16.7,14,48.75,0,0,40,3193,0,253798,6,16248,13
13.2,5,17.14,0,0,20,6861,1,253813,13,17516,3
14.8,42,28,33.13,68.8,10,17480,1,253847,22,8044,32
9.7,4,24,9.68,0,30,6326,1,270374,13,26030,3
31.0,18,30.97,31.03,0,0,4506,1,270374,12,13909,17
13.3,10,30,0,8.18,0,7939,1,263498,7,12301,7
12.9,8,23.08,0,12.87,0,10985,1,263608,17,31771,5
7.5,4,34.29,0,0,12,4816,1,256029,16,16065,3
19.8,18,41.05,0,18.25,10,9239,1,256058,11,20445,12
5.7,6,50,0,2.67,0,7915,1,256066,19,12267,5
42.6,22,34.29,42.55,42.55,2,11804,1,264890,5,18193,24
23.9,10,25,0,0,30,9287,1,264967,13,28126,10
8.7,4,26.67,8.68,0,40,11213,1,264968,8,14428,4
49.8,36,44.4,49.82,0,0,10484,1,265726,8,14579,37
48.5,19,23.75,37.77,0,20,4742,1,265734,18,18713,16
16.9,8,21.18,0,0,10,13159,1,267936,17,22808,6
9.7,5,18,9.7,0,0,2467,1,267164,13,28740,3
12.7,8,32.31,12.65,0,20,5245,1,269365,12,13775,20
13.2,7,23.08,10.15,9.23,0,7937,1,269422,17,25202,5
5.9,3,30,0,0,23,4282,1,269906,20,10629,2
6.9,7,42.86,0,5.12,10,4626,1,269998,7,9613,5
46.3,26,32.61,46.3,46.3,0,8343,1,265033,5,18248,24
10.0,4,18,0,0,0,10329,1,265057,13,28573,3
19.5,11,31.58,0,19.47,30,6569,1,265882,13,28661,9
43.3,39,47.73,43.28,0,30,11679,1,265915,8,13583,35
19.4,11,37.89,9.2,0,0,5083,1,268071,6,24851,12
20.5,13,31.43,6.13,0,40,9083,1,268194,13,25464,11
25.8,17,43.85,0,20.85,0,5054,1,268200,15,16174,18
20.2,8,20,0,0,0,10282,1,270245,17,25418,7
6.9,1,8.57,0,6.92,50,2818,1,270258,15,16769,1
45.2,24,32,44.15,43.17,11,10330,1,263891,5,17468,24
10.1,8,30,0,0,20,6923,1,262992,7,12257,5
26.3,11,30,1.03,26.27,30,8776,1,262996,8,16176,13
6.2,2,20,0,0,0,10315,1,252941,17,11569,2
30.3,17,30,0,0,43,3652,0,253050,16,15456,14
17.4,10,38.82,0,0,30,14549,1,246472,7,4899,11
12.1,42,32.5,5.65,1.53,20,4307,0,246479,19,11851,39
40.0,23,19.5,0,0,25,7046,1,248722,14,14755,12
34.4,32,37.71,0,0,0,12320,1,248735,11,21754,22
19.4,10,34.74,0,0,40,11164,1,250873,7,5697,10
33.8,15,30,0,0,38,6540,1,250882,9,7155,16
39.5,19,31.5,0,38.27,46,6239,1,250894,23,9873,20
13.6,8,34.29,13.62,0,46,8455,1,244439,9,7709,8
13.2,7,38.57,0,10.17,0,10292,1,244479,17,17557,9
20.4,12,39,3.97,0,10,5408,1,244551,24,16109,28
12.9,4,13.85,0,0,21,3416,1,244561,21,4461,3
7.6,8,51.43,1.7,0,10,3847,1,246572,19,11873,6
6.1,2,10,0,0,0,1623,1,248759,16,16621,2
13.8,12,42.86,0,0,20,4382,1,250984,10,15966,10
17.4,6,24.71,0,0,19,12335,1,251008,16,17182,7
16.0,9,37.5,0,0,5,4177,1,251011,9,7175,9
11.8,7,35,0,0,20,4003,1,251038,9,7311,6
6.7,2,25.71,0,6.67,23,7289,1,251050,23,10150,2
10.5,11,49.09,10.52,0,10,6551,1,246716,6,17015,9
6.8,47,34.93,0,0,9,7920,1,246769,11,21090,39
24.1,15,22.5,0,0,20,6674,1,248890,6,17585,4
9.1,5,20,0,7.62,0,5121,1,248939,6,17635,3
29.8,9,18,0,0,29,4227,1,251138,20,9287,9
40.0,23,43.5,0,0,37,4060,0,251155,5,13367,29
11.0,4,10.91,0,0,25,1091,1,251163,21,4342,1
12.9,6,23.08,12.93,0,10,5096,1,251181,9,7346,5
17.7,13,23.33,17.72,0,23,5511,1,246808,21,3915,6
3.3,51,39.05,1.53,0,2,8447,1,246915,11,21171,39
30.0,17,38,0,24.12,0,5008,1,240424,15,13854,18
16.3,12,41.25,0,0,20,4023,1,249035,6,17687,8
1.6,50,40.33,0,61.58,50,8016,1,251258,11,22158,7
44.6,59,60,5.63,3.05,23,10032,1,251332,17,15808,45
12.4,49,33.7,0.68,0,14,7888,1,251335,11,22199,38
1.5,39,38.36,0,0,45,8383,1,251363,21,4174,20
29.3,11,22.76,0,0,50,5275,1,251368,6,18066,8
44.6,16,22.67,44.58,0,10,9340,1,240532,12,11501,15
9.5,5,33.33,0,0,40,6500,1,240536,23,12252,4
45.2,16,22.17,45.18,7.08,42,8980,1,242675,18,15209,12
33.9,15,28.24,33.9,0,8,4685,1,244884,16,18514,15
38.1,22,34.74,0,33.92,0,13565,1,244931,24,16974,21
14.7,10,28,0,14.67,10,9990,1,244933,7,6726,6
22.1,12,19.09,0,0,32,3848,1,246994,14,13780,7
35.7,45,63.43,30.73,0,50,312,0,238223,17,20023,37
22.7,11,31.3,0,0,10,1698,0,238234,13,22862,12
17.3,12,38.82,0,0,30,9152,1,238236,13,22873,11
8.1,3,30,0,0,10,1761,0,238245,17,20039,4
9.2,3,18,9.15,5.1,30,13098,1,238250,12,10689,2
12.9,8,27.69,1.02,0,30,6083,1,240547,7,7558,5
15.0,12,48,0,14.97,10,4347,1,249221,8,7214,11
7.3,3,17.14,0,7.3,15,7626,1,249223,23,9444,2
6.2,40,35.45,0,0,28,6795,1,251461,11,22605,39
46.0,21,27.39,0,0,1,5435,1,251471,14,15138,20
20.5,10,33,0,0,8,3773,1,251489,21,4282,10
0.3,17,23,0,8.42,0,9352,1,251505,18,14398,22
24.6,8,24,0,19.07,0,2225,0,251518,17,16596,9
21.0,13,40,0,0,26,4304,1,242789,16,18223,14
38.4,16,23.68,36.35,0,3,4714,1,242806,18,15239,15
13.2,8,36.92,0,10.17,0,4589,1,236155,19,16855,7
20.7,18,30,11.3,19.68,10,6743,1,236172,13,22321,10
17.1,5,21.18,0,17.12,8,6649,1,236179,18,15566,5
20.4,11,24,0,0,30,5000,1,245039,11,24637,7
37.6,25,31.58,0,0,10,8045,1,247106,10,15289,10
31.7,25,46.88,31.65,0,20,12384,1,238378,17,20127,25
13.9,6,25.71,0,0,50,2988,1,238388,13,22927,3
8.2,1,15,0,0,10,1142,0,240765,15,14763,18
28.8,27,53.57,0,0,30,10182,1,249348,10,15722,25
28.5,9,14.48,6.15,0,30,3972,1,251626,14,15378,1
19.3,12,30,0,0,0,13295,1,251656,7,5924,10
9.5,26,19.13,42.12,11.98,9,7269,1,251661,18,14567,10
14.0,11,51.43,0,0,0,13711,1,236269,6,21240,12
13.1,11,36.92,0,13.12,30,6278,1,236302,7,6829,8
23.3,23,60,0,23.32,0,10729,1,236333,19,15799,22
19.8,16,44.21,9.02,18.12,20,27160,1,222900,24,8269,13
2.0,1,30,2,2,10,10120,1,225147,8,1962,2
11.3,5,21.82,0,1,15,7996,1,245212,5,13751,3
16.2,6,26.25,0,0,20,9363,1,245224,24,16214,6
11.8,8,50,11.77,11.77,30,12010,1,225157,10,6054,9
29.7,41,58,0,29.67,0,12802,1,218494,24,11166,28
6.3,3,20,0,0,38,450,1,218544,9,5675,2
18.0,9,36.67,0,0,30,14788,1,218566,7,4497,10
49.4,69,67.2,22.37,44.82,6,11053,1,220741,6,15388,17
18.3,7,22.11,18.3,0,2,2914,1,252141,9,7436,7
13.3,4,13.85,0,12.25,10,8399,1,245590,19,16820,3
9.7,1,6,9.73,0,18,4896,0,207816,11,7231,2
22.5,22,41.74,0,20.93,0,10243,1,218608,24,11879,14
21.1,7,28.57,6.17,0,19,4468,1,220872,9,4120,9
38.8,17,30.77,0,0,11,2448,0,220894,14,11205,19
7.1,1,17.14,7.13,0,40,2745,1,223202,24,9165,2
37.0,20,29.19,14.87,0,5,8294,1,223208,14,12020,17
10.7,6,27.27,0,7.18,10,10171,1,223220,8,4153,5
9.2,35,34.78,0,0,52,6014,1,252308,11,22358,40
36.6,15,30.81,0,33.58,38,8107,1,245697,9,8325,9
13.4,15,46.15,13.4,0,30,6443,1,218772,19,9688,11
26.6,11,28.89,0,4.07,0,3933,1,245762,18,14838,13
13.2,7,32.31,0,0,0,9676,1,245768,11,23405,7
19.9,13,30,0,17.87,20,12747,1,252522,13,20324,10
30.1,15,38,0,0,26,4347,1,252603,9,7476,19
16.2,12,35.29,0,0,10,12812,1,252629,7,5999,10
17.6,12,42.35,0,15.07,10,4559,1,214557,8,4282,11
17.4,8,24.71,0,10.25,10,13010,1,214687,19,8792,6
3.0,1,20,0,3.02,0,10460,1,234330,24,4618,4
10.0,12,54,0,10.02,20,4078,1,234336,8,1561,9
19.6,11,24,0,0,34,9922,1,216888,10,13671,8
11.5,6,20,11.52,11.52,20,4268,1,232232,8,1456,3
17.5,8,30,0,0,21,12892,1,252798,20,8631,8
10.8,4,27.27,0,0,2,2134,1,252828,9,7086,5
33.6,9,20,31.58,0,32,4699,1,246013,9,7934,11
13.4,9,25.71,0,0,0,10579,1,246028,13,21571,6
28.1,21,42.86,0,24.03,30,1423,0,246048,14,16550,19
9.2,44,34.78,0,33,9,7712,1,214768,11,17073,39
1.4,61,64.84,0,0,21,12862,1,214813,10,11661,67
27.2,13,28.89,27.23,0,33,3180,1,214813,24,8557,12
10.1,45,33.8,0,0,14,7693,1,217006,11,17832,25
52.3,80,72.45,0,47.17,4,9899,1,217007,6,13223,62
36.4,49,72.97,29.27,0,41,3727,0,246083,17,18836,3
11.9,6,20,0,0,20,13938,1,217051,6,13291,3
5.8,68,60,65.84,0,37,1450,1,232417,10,5330,67
39.8,24,43.5,39.75,0,3,12194,0,232420,24,5026,30
19.4,8,21,0,0,30,4196,0,232471,8,1756,5
19.9,6,18,0,0,0,5360,1,250546,13,20421,5
6.6,1,8.57,0,0,3,5435,1,252440,24,15259,1
16.3,9,26.25,1.02,16.28,10,10427,0,252496,23,10064,18
41.2,68,26.14,9.1,96.12,30,12437,1,252497,11,22819,42
8.2,2,15,0,0,10,15680,1,214868,15,7820,5
23.6,11,27.5,0,18.93,10,7882,1,214901,13,14690,11
15.0,14,48,0,0,0,5335,1,234592,8,1876,12
16.4,7,30,12.3,14.9,0,8261,1,228070,22,5574,8
23.1,12,36.52,18,21.1,0,16282,1,228071,24,7140,14
6.7,4,25.71,0,0,0,15819,1,228149,15,6941,2
1.6,46,37.74,0,0,8,7930,1,248436,11,21587,38
41.9,67,65.71,0,0,38,11825,1,250639,17,16831,44
23.1,13,36.52,0,0,19,4657,0,250652,16,17296,14
20.0,14,33,20,0,42,6669,1,250670,9,7297,11
31.7,10,21.29,0,3.07,54,4300,1,250677,18,14475,12
45.5,35,41.74,0,45.45,40,13666,1,252673,24,15631,25
13.9,15,42.86,0,11.83,10,7380,1,246256,11,19508,10
46.5,76,80.43,8.72,46.45,0,12687,1,246262,6,15977,63
19.5,11,42,0,17.97,11,2459,1,246276,18,12894,14
31.8,14,15,0,0,10,2533,0,246337,14,13704,1
47.2,74,80.43,0,0,10,12262,1,246382,6,16048,64
25.0,11,21.6,0,0,27,4548,1,230357,10,10029,9
9.0,10,53.33,8.2,9.02,0,10557,1,232500,8,1778,9
13.8,6,30,13.77,0,1,7942,1,193234,22,3180,7
7.0,2,17.14,6.98,0,2,4679,1,193249,18,7581,4
10.4,46,32.96,0,0,15,7565,1,215056,11,16012,38
21.6,8,31.43,0,0,10,15485,1,228178,7,2807,10
34.9,14,22.29,34.87,0,0,10199,1,228184,24,7201,12
12.3,9,45,0,0,0,13373,1,228195,8,2604,9
12.1,6,40,12.1,12.1,0,10733,1,228216,22,5626,8
31.6,17,36.77,31.63,12.15,0,7917,1,230406,19,6761,19
7.3,3,15,7.27,6.07,0,5378,1,230417,8,3091,2
22.8,71,29.37,35.95,0,30,11254,1,248486,6,17540,24
7.7,6,37.5,0,5.65,0,13246,1,248501,19,13404,5
15.5,12,40,0,13.43,40,11628,1,248507,8,7119,11
10.7,3,21.82,0,0,20,5951,1,231259,12,6349,3
16.7,10,48.75,0,1.82,33,8998,1,231336,24,7529,10
22.6,15,38.18,21.08,21.1,20,9363,1,230429,24,7786,14
30.2,10,18,0,0,28,4350,1,230494,10,10194,9
52.6,70,65.77,0,52.58,20,11450,1,219814,6,13941,57
15.6,11,26.25,15.55,0,10,12208,1,222124,6,11827,65
22.8,13,39.13,22.78,22.78,30,11733,1,233499,24,4110,17
13.7,6,36.92,1.53,13.68,10,10522,1,227062,22,5390,8
29.3,33,25.62,0,0,44,11515,1,227123,11,13365,38
9.3,4,48,0,9.27,40,5682,0,235033,24,4771,11
28.1,16,34.29,26.35,27.05,0,10679,1,235038,24,4789,17
6.0,33,36.36,66,0,2,5330,1,228402,11,14377,38
25.7,11,23.08,0,0,19,4850,1,228402,10,9687,9
9.2,4,13.33,1.47,0,41,11933,1,228409,6,8785,2
7.1,33,26.87,64.03,0,10,9663,1,224397,6,10804,3
18.0,12,46.67,7.23,18,49,4417,1,224401,9,4368,13
24.2,32,28.57,1.55,0,27,14341,1,226258,11,12957,37
6.2,3,25.71,6.22,4.18,40,11433,1,226338,24,62816,3
8.8,6,33.33,4.08,7.25,20,4022,1,229182,19,6286,5
4.5,34,36.56,0,0,0,1377,1,229248,11,14054,36
10.1,4,36,10.07,0,22,9542,1,229276,9,3896,5
50.8,25,37.65,0,49.75,46,11789,1,222220,24,8175,29
41.9,39,57.14,0,40.33,50,8539,1,222250,24,8215,39
11.5,5,20,0,0,0,10802,1,222303,10,11873,3
13.8,9,25.71,13.82,12.3,0,10225,1,222328,15,7877,6
26.6,14,33.33,7.68,25.07,20,8506,1,222334,12,7021,15
16.9,5,10.59,16.88,4.62,36,5794,1,227316,18,10076,3
19.9,8,27,0,16.83,30,9248,1,229315,13,36174,9
19.5,17,53.68,0,18.1,50,13818,1,228477,10,10447,17
10.4,6,21.82,8.83,7.62,10,7639,1,228482,22,6091,4
13.3,8,36.92,13.32,11.78,20,7045,1,228505,24,7933,7
24.0,12,25,0,0,21,5718,1,226548,14,10285,8
13.8,8,36.92,0,13.78,10,10488,1,230788,22,5801,8
7.8,7,37.5,0,0,24,8678,1,232987,7,2068,5
4.8,66,59.08,56.99,0,4,27414,1,234875,10,3571,67
50.8,66,76.47,50.83,0,24,25504,1,195825,10,1785,67
37.8,28,56.76,0,0,16,10054,1,195826,11,9358,36
5.7,2,10,5.65,0,47,750,1,220041,9,5611,2
18.5,10,33.33,1.02,13.85,20,15110,1,220054,7,4409,10
8.8,5,30,3.08,6.23,10,9561,1,220061,20,3316,4
7.2,7,34.29,0,6.18,0,7462,1,220069,24,11482,4
15.1,39,32,0,0,29,6828,1,222398,11,15764,38
4.6,6,45,4.63,0,0,12517,1,222449,6,10379,4
8.3,7,40,0,7.55,20,6720,1,227341,19,5795,6
34.4,14,33.53,34.42,3.42,9,8510,1,227452,18,10150,19
17.1,13,42.35,0,0,10,4461,1,227478,8,2403,11
5.8,2,36,0,5.75,10,7426,1,234933,24,4208,4
16.5,6,26.25,1.53,0,44,6905,0,228655,21,2533,7
4.6,4,45,0,0,13,9188,1,228661,9,3829,4
7.2,5,34.29,7.15,0,40,7892,1,230863,6,9152,4
16.0,14,45.88,0,0,10,11363,1,195883,11,9397,38
15.0,2,8,0,0,9,1514,1,224648,21,2952,1
19.4,10,30,0,0,16,13270,1,220158,20,3913,9
3.2,48,37.14,0,25.68,10,7382,1,220176,11,19055,39
19.6,13,36,0,15.03,10,4588,1,230893,8,3117,11
2.0,1,60,0,2,0,10359,1,233049,24,4440,3
46.1,28,40.43,18.95,0,50,2698,0,233093,6,5740,6
31.4,12,22.5,31.43,0,20,11683,1,233101,7,2290,11
10.8,9,43.64,0,0,0,11338,1,233104,6,5757,8
12.0,10,50,0,0,10,1626,0,233125,24,5214,11
6.8,3,51.43,6.38,0,10,10167,0,233138,24,5225,11
10.8,60,54.08,70.84,0,28,25022,1,235188,10,5771,67
17.0,19,45.88,0,16.95,0,7906,1,222571,11,16303,13
12.8,8,30,11.27,10.78,10,7438,1,222572,8,4093,6
20.4,6,9,11.23,0,0,5234,1,227603,8,2428,2
14.2,25,21.08,74.2,1.53,16,2308,0,227603,18,10214,4
24.0,7,12.5,24.02,2.53,42,6639,1,227609,18,10219,5
8.7,8,33.33,8.7,0,30,5956,1,229576,6,9227,5
16.2,12,26.25,16.22,0,0,5406,1,229579,8,3239,2
16.0,9,33.75,0,13.15,10,7199,1,228821,13,36194,8
11.9,6,30,0,10.35,30,14593,1,228824,24,7674,5
1.6,21,18.39,18.98,0,44,6323,1,230973,14,10932,18
35.5,26,44.57,0,32.9,0,10284,1,218106,24,11833,26
26.3,10,31.11,26.3,26.3,49,7629,1,220259,18,11979,14
10.3,7,30,0,7.72,20,15250,1,220279,7,4226,5
10.3,7,36,5.65,8.85,30,9218,1,229670,19,6337,6
15.8,10,44,15.78,0,10,12748,1,231831,10,5249,10
15.3,4,15,15.33,5.08,20,6035,1,235448,18,9937,3
8.7,8,82.5,0,0,20,5277,1,196129,9,2798,10
15.4,4,16,14.37,12.33,11,5863,1,220354,5,11109,4
31.5,7,11.25,0,1.52,51,2391,1,220379,18,11989,6
10.7,31,32.96,0,0,35,1298,0,220385,14,13004,38
13.8,12,47.14,13.77,13.77,0,13306,1,224915,24,4859,4
2.9,3,40,2.92,0,30,3449,1,227719,6,8166,3
10.7,5,21.82,0,0,10,7273,0,229754,15,7089,10
8.1,61,58.24,35.4,0,20,12664,1,235531,10,3734,68
11.8,7,35,0,0,30,9382,1,228956,11,14510,7
21.0,10,34.29,0,0,50,8890,1,231129,14,11104,5
1.6,56,55.08,53.9,0,41,9674,1,220392,6,14029,18
50.9,68,65.88,23.43,47.78,3,11036,1,220471,6,14609,17
37.6,20,47.37,0,34.62,0,11085,1,229822,13,33412,30
22.8,10,23.48,0.97,0,4,11146,1,234225,10,3410,9
9.7,5,20,8.17,6.15,0,12476,1,222806,6,11951,2
2.8,3,20,0,0,20,14629,1,225113,6,6363,4
22.2,15,35.45,0,19.13,0,5187,0,218328,7,4125,13
17.2,10,38.82,0,13.65,20,15236,1,218330,7,4137,11
4.0,42,30,0,61.47,10,8978,1,220540,24,11621,32
3.6,3,30,0,3.57,20,11822,1,220542,6,14666,2
8.0,9,60,8.02,7.02,17,14896,1,234280,7,2113,11
21.2,14,42.86,0,0,7,5084,1,238620,16,18835,14
44.6,23,33.33,0,35.4,30,6337,1,238690,15,13616,24
20.3,16,33,14.22,20.3,20,4109,1,238704,13,23000,11
18.0,5,10,17.95,14.23,0,7548,1,261520,8,16291,3
15.5,5,24,0,0,0,6439,1,254693,21,3583,6
15.3,6,20,0,0,21,1949,0,254710,14,14093,4
17.0,11,38.82,0,0,20,12394,1,254719,7,4972,10
22.1,14,38.18,0,19.52,0,10509,1,256971,13,18846,14
6.3,2,17.14,0,0,20,15155,1,257034,17,12207,2
34.3,19,33.53,12.83,0,30,8741,1,259259,19,19544,19
13.2,10,32.31,0,9.18,30,9274,1,259292,7,11739,6
3.0,41,28.57,32.78,62.99,10,12731,1,261674,7,12601,29
23.3,18,44.35,20.27,0,50,5619,1,261750,6,31569,17
17.4,10,28.24,0,17.42,10,7817,1,254734,22,8157,8
7.2,2,8.57,0,4.6,31,5778,1,254735,18,13408,1
15.9,19,52.5,0,12.32,32,25262,1,254740,20,5876,14
9.2,6,26.67,0,0,0,13207,1,254830,7,5125,4
27.2,19,33.33,2.57,22.57,40,13703,1,254844,12,8672,15
2.6,63,54.19,7.75,60.27,0,10062,1,254852,24,13792,55
37.8,20,39.47,0,3.53,24,8365,1,257204,18,18101,24
12.6,4,18.46,12.63,12.63,2,5353,1,257209,5,17708,4
13.0,4,13.85,4.1,10.23,1,6111,1,259342,5,18571,3
24.0,5,15,23.98,0,11,4058,1,259379,5,18594,6
22.5,13,28.7,0,0,30,12319,1,259409,13,29158,11
8.2,3,13.33,0,0,15,5054,1,254928,20,6649,2
7.9,4,30,0,0,20,4357,1,254948,16,16292,3
14.5,4,17.14,11.23,8.15,7,6151,1,259486,5,18630,3
20.0,10,33,0,14.88,0,13281,1,259565,17,30390,11
17.5,12,36.67,0,14.3,40,11598,1,261547,7,12402,11
11.9,7,35,0,0,23,4122,1,255031,9,5981,7
39.9,18,31.5,0,25,37,6707,1,255068,14,13623,21
16.8,8,28.24,6.15,0,0,10328,1,257369,8,14248,8
13.2,11,36.92,0,0,0,7233,1,257374,7,10918,7
21.0,8,20,21.02,0,39,6503,0,257478,5,18140,6
13.2,4,18.46,13.23,13.23,8,6178,1,259630,5,18667,3
7.2,3,25.71,0,0,10,2146,0,259690,13,292279,3
33.9,14,21.18,0,0,28,19906,1,244353,11,24548,12
14.8,11,44,0,0,36,12259,1,244408,7,6070,10
36.6,13,21.08,0,0,6,4396,1,244411,14,15928,12
22.1,9,21.82,0,0,10,5182,1,255254,14,13992,8
9.7,3,18,9.73,0,10,9797,1,257620,8,14716,3
13.9,4,17.14,13.88,13.88,18,6048,1,259775,5,18703,4
22.8,8,18.26,22.43,0,35,2386,0,200699,11,7848,11
19.0,5,12.63,0,7.98,5,11060,1,200711,11,7860,5
26.0,7,11.54,3,0.97,34,3743,1,202924,18,7814,6
13.2,10,23.08,1.02,0,0,5331,1,259832,7,11882,5
33.3,20,40,0,13.35,35,4187,0,253168,14,13899,22
14.5,13,48,0,11.95,10,4280,1,253182,8,6005,12
10.2,4,12,0,7.48,10,8721,1,255290,22,8080,2
12.3,10,50,0,0,47,4427,1,255350,10,15309,10
8.2,6,33.33,0,5.62,0,13323,1,255395,19,12224,5
7.2,6,42.86,4.1,0,20,3429,1,259927,19,19598,5
45.8,17,32.61,45.82,0,45,17104,1,207582,13,8473,25
10.0,2,12,9.98,0,18,16848,1,203018,11,8733,8
40.3,29,51,9.18,0,10,9974,1,262738,8,16739,34
29.0,11,26.9,3.05,0,15,4434,1,244220,16,18456,13
29.6,10,24.83,0,0,40,2832,1,244244,19,16777,11
23.6,11,22.5,7.02,0,0,4805,1,244252,7,6662,8
17.1,13,24.71,5.12,17.1,10,4526,1,262759,7,12754,7
10.2,7,24,0,0,43,14481,1,244258,23,11378,3
10.2,6,24,0,10.2,30,11733,1,237238,17,19482,4
6.1,2,20,0,6.12,20,10573,0,237260,12,10323,2
43.2,21,33.49,43.15,43.15,0,8927,1,239626,5,15305,24
42.3,39,29.71,0,93.72,30,615,0,239647,15,14547,4
37.6,42,31.84,0,88.69,31,4229,0,239657,15,14599,21
10.1,5,24,6.08,0,10,10022,1,269240,17,25156,4
16.0,11,33.75,0,11.97,0,7661,1,273645,7,10427,8
10.2,8,30,0,10.2,0,10834,1,239699,17,21712,5
28.1,9,12.86,0,0,10,1775,0,241840,17,20805,6
18.1,5,16.67,0,5.63,30,2815,1,241842,15,13965,5
20.0,9,21,0,0,0,8119,1,241859,17,20818,7
16.3,9,35.29,0,0,10,7425,1,241877,6,22503,10
3.7,19,17.81,0,0,28,7274,1,243758,14,15903,18
9.7,6,18,8.68,0,40,10989,1,243804,6,19383,3
9.4,3,13.33,0,0,40,5570,1,275880,13,24297,2
17.1,10,35.29,0,13.07,0,5858,0,275899,17,22363,10
9.5,6,26.67,0,6.15,30,6153,1,275904,7,8107,3
19.8,9,21,0,11.12,20,9840,1,278085,17,23525,6
33.3,20,41.82,0,33.32,40,5780,1,278097,15,15697,21
23.7,12,35,0,0,32,3774,1,243862,16,17894,14
33.2,22,43.64,0,0,30,6555,1,237370,17,19565,25
33.5,14,26.47,32.5,0,12,4919,1,237470,16,18686,29
29.7,18,36,0,29.7,0,13215,1,239711,6,23156,17
11.6,30,23.66,0,0,20,7230,1,239779,13,23099,2
39.2,15,31.5,0,0,41,19805,1,239788,23,11968,20
30.2,17,36.77,0,30.22,50,5303,1,239794,15,13775,18
6.6,6,25.71,6.57,0,10,2373,0,278201,17,23601,3
13.7,8,21.43,13.68,0,20,9291,1,278207,13,24946,5
9.8,8,36,0,0,20,1862,0,273809,17,26382,5
6.8,5,25.71,0,0,20,3298,1,241967,17,21501,3
7.8,2,15,7.77,0,10,4680,1,241992,13,23728,2
23.0,9,31.3,0,23.02,10,9674,1,242014,15,14414,11
43.2,32,32.09,40.98,0,40,3809,0,276076,13,24753,23
8.1,5,37.5,0,0,0,13794,1,276090,6,24510,5
20.1,14,30,0,0,40,9136,1,276096,13,24774,11
45.1,34,45.33,45.08,0,0,10885,1,278290,8,11490,33
7.1,6,34.29,0,7.12,30,3672,1,278329,17,24404,4
19.4,10,25.26,0,0,10,12910,1,237514,17,19645,8
10.2,3,24,0,10.2,10,12998,1,237530,8,9332,5
12.8,3,18.46,12.82,1.03,2,5989,1,237598,5,14688,4
11.0,3,16.36,0,0,2,2791,1,239886,16,18940,3
14.7,9,36,0,0,1,2533,1,271638,16,20795,31
19.1,6,25.26,19.13,2.03,27,2602,1,271647,18,17839,8
29.6,16,26.9,13.32,0,0,10442,1,271672,13,26801,12
24.0,7,22.5,23.2,4.07,44,3329,1,242128,18,16372,9
23.0,7,20.87,0,0,42,3182,1,242206,18,16532,8
21.9,27,65.45,21.9,6.63,0,8569,1,237631,9,8440,8
7.2,3,25.71,7.18,0,30,3657,0,276179,8,11296,3
5.6,4,50,0,0,33,13509,1,276191,23,13420,4
9.7,2,12,6.65,0,30,1354,0,276196,8,11299,2
26.7,16,42.22,0,18.95,10,4532,1,276201,15,15930,18
14.9,8,40,14.88,0,23,4034,1,237652,18,15679,11
9.7,9,30,4.08,7.7,0,4457,1,237706,7,7016,5
13.3,10,23.08,0,1.02,30,2383,1,237758,15,13267,5
14.4,5,16,14.38,1.03,20,5338,1,239992,5,15121,4
1.8,19,19.35,9.27,0,7,5040,1,240006,16,19163,10
17.8,11,33.33,16.97,0,32,3046,1,240025,9,8747,9
24.0,6,17.5,24.03,0,10,4598,1,240050,8,9398,1
36.4,35,61.67,0,34.12,0,10424,1,240082,6,22728,37
10.7,10,38.18,0,9.68,0,4858,1,274129,7,10451,6
20.0,14,33,14.87,0,0,10858,1,242274,13,24130,11
14.7,9,36,14.65,0,10,4051,0,242338,24,15711,9
11.2,56,47.32,51.58,71.19,0,10503,0,235625,6,4570,4
44.4,38,49.33,38.42,0,30,11802,1,237784,6,21519,37
18.6,12,34.74,1.2,0,0,7276,0,276325,17,24188,11
10.8,8,32.73,6.7,0,40,3472,0,276335,7,9008,5
9.7,6,24,0,0,10,3364,1,278500,13,25769,4
13.3,6,23.08,1.02,0,0,13783,1,278501,20,10501,5
4.9,3,24,0,0,0,2709,0,278622,19,17946,2
21.3,6,20,0,14.15,0,1690,1,271834,15,16998,6
19.9,8,27,0,19.93,10,1777,1,237832,15,13300,7
33.8,13,22.94,33.83,0,53,5731,1,240168,16,19432,12
10.2,8,32.73,10.18,0,30,6587,0,240174,17,21791,6
9.7,7,36,9.7,6.15,30,12895,1,242360,24,15725,6
17.8,8,23.33,17.8,0,40,3034,1,271866,19,18556,8
20.2,5,24,20.18,4.18,36,5965,1,271867,18,17471,8
12.9,10,23.08,12.9,0,30,1288,0,271872,7,9925,5
16.4,13,41.25,0,0,10,10593,1,271884,13,26222,10
39.1,32,56.92,0,0,20,12535,1,271937,6,27636,37
6.7,3,8.57,0,0,10,10109,1,274249,13,27061,2
9.9,7,24,0,9.93,10,12930,1,274273,17,27463,4
9.3,5,20,9.3,0,30,1162,0,276431,13,25715,3
10.2,5,24,10.15,0,40,2841,1,235769,6,19625,4
19.7,10,24,0,0,10,4667,1,237936,11,25161,8
12.8,9,41.54,0,0,10,7589,1,237949,6,21566,10
9.2,2,12,0,6.15,0,5235,1,276527,15,15164,2
22.8,13,28.7,0,0,40,6309,1,276530,13,24328,11
12.9,7,27.69,0,0,10,10429,1,276536,17,22459,5
13.0,8,41.54,13.02,0,10,10268,1,278644,8,10470,8
15.3,8,36,0,13.25,20,6818,1,278648,7,8331,8
48.9,24,37.96,48.85,3.18,31,9513,1,271984,18,17747,31
36.8,49,61.62,0,0,0,10328,1,271992,17,26690,37
14.4,8,36,14.37,0,22,3448,1,271996,9,9845,10
13.2,8,30,13.22,0,20,6610,1,271996,19,18736,8
31.8,18,31.88,0,30.82,10,7432,1,237958,17,19881,16
26.0,11,30,0,0,28,4025,1,240353,16,18965,10
10.2,2,12,0,0,30,6134,1,240378,19,17288,2
20.8,5,22.86,20.8,4.07,22,2598,1,240383,18,15982,8
15.8,10,33.75,15.78,0,7,4053,1,240391,16,18983,9
39.0,36,58.46,0,35.9,0,12310,0,272083,6,28014,37
12.8,3,27.69,0,0,35,3872,1,242581,9,7793,5
40.0,38,51,39.98,0,30,11712,1,270514,8,12256,34
9.6,10,36,8.62,0,0,4226,1,270530,7,9751,5
16.8,8,28.24,16.83,0,10,10035,1,263971,8,13368,8
7.5,8,30,0,6.13,30,12116,1,266204,17,28547,4
18.4,7,33.33,0,0,31,4222,0,266252,20,11643,9
6.0,2,20,0,0,17,4595,1,268386,20,10526,2
16.3,11,30,0,0,10,4341,1,264062,7,10750,6
17.5,15,36.67,1.03,16.35,40,14217,1,296721,7,12972,11
20.5,8,20,20.45,0,30,3880,1,266380,5,18366,6
16.8,11,24.71,13.77,0,40,5754,1,268499,7,8399,7
6.7,7,60,6.65,0,10,4848,1,268503,19,18057,8
42.4,23,37.14,0,42.37,10,7270,1,268526,15,15458,25
17.0,12,35.29,0,16.98,10,7438,1,268537,13,24621,10
4.5,2,24,2.57,0,27,793,1,216030,9,5160,2
16.7,4,10.59,2.88,0,30,819,0,262103,13,29866,3
13.2,9,27.69,0,0,0,5242,1,262105,17,31452,6
15.5,6,32,2,0,10,1689,0,262212,8,16665,8
28.6,11,25.71,9.25,0,6,4204,1,264181,18,18283,12
10.2,4,18,10.23,0,0,4980,1,264290,8,14354,3
10.2,6,36,10.17,0,40,3620,0,266479,13,28690,6
26.5,21,40,24.47,0,10,7087,1,266496,20,12098,17
20.9,7,20,8.17,0,0,3236,0,266513,8,15145,3
18.9,10,22.11,18.9,0,40,3290,0,268624,17,22936,6
24.5,12,26.4,24.48,0,20,6949,1,268636,8,10679,6
30.1,26,12.67,0,0,7,8014,1,216144,14,12608,18
6.2,5,50,0,4.1,0,8266,1,216208,19,9128,5
10.2,4,16.36,3.07,0,40,6094,1,268759,8,11093,3
17.1,16,38.82,10.75,0,20,9638,1,264405,13,28520,11
13.3,8,36.92,13.27,7.15,20,12252,1,264413,8,14866,8
7.2,8,42.86,7.18,5.93,10,4376,1,266623,7,10631,5
10.2,7,24,0,10.22,20,7086,1,268766,17,23820,4
36.9,19,42.16,8.2,32.87,20,12041,1,268868,19,18156,27
27.1,22,40,14.78,27.08,30,9122,1,268879,7,9215,18
11.9,41,32.5,0,71.92,31,7009,1,216290,11,17524,37
23.7,15,22.5,0,0,52,6186,1,216295,10,13340,9
19.5,7,12,14.42,18.38,3,1945,1,264508,18,18910,4
34.5,18,18.86,0,0,38,6670,1,214161,14,11402,11
25.3,28,62.31,25.32,0,11,7968,1,214173,9,4239,26
27.0,25,15.86,0,0,21,4397,1,214179,14,11425,22
8.8,2,22.5,8.8,6.25,50,466,0,214204,22,6231,3
21.4,12,35.45,9.25,0,20,4399,1,214204,24,8544,12
2.6,38,37.14,0,61.12,35,6735,1,216434,11,17614,38
14.2,6,25.71,1.87,0,30,3861,1,268954,19,18181,6
17.8,7,20,16.73,0,40,6554,1,268979,13,25573,3
16.4,11,35.29,0,12.32,0,13935,1,296038,17,32420,10
18.5,15,41.05,0,16.4,0,8054,1,296044,7,12901,12
4.5,49,36.92,0,60.45,0,7929,1,216490,11,17654,38
9.7,7,18,0,9.68,40,3379,1,262630,8,16351,3
6.9,4,25.71,0,3.82,20,4327,1,262645,7,12477,2
27.8,17,36.43,15.45,25.45,30,3306,1,264635,19,18924,8
17.8,10,16.67,17.78,0,0,5120,1,266823,7,10879,5
18.2,9,25.26,18.18,0,10,2118,0,266829,8,14108,8
10.1,6,18,0,0,20,6965,1,296152,17,32496,3
16.9,11,31.76,16.9,16.9,0,10530,1,296170,8,16919,9
20.5,19,42.86,0,17.97,0,7688,1,216636,11,17690,14
13.8,6,34.29,0,13.8,0,13210,1,266942,8,14661,8
19.9,15,45,19.88,0,0,2452,0,269074,6,25934,14
21.6,12,42.86,0,0,0,13270,1,269094,6,25964,15
25.1,7,14.4,0,0,18,6123,1,214531,21,2989,5
4.5,2,30,0,0,0,1626,1,216732,6,13036,2
6.7,3,8.57,3.15,4.7,20,14969,1,221121,12,7421,1
13.2,10,46.15,1.52,11.72,20,9888,1,221129,10,12590,10
17.9,11,40,0,0,29,4034,1,221183,14,11829,11
41.9,58,64.29,11.7,0,29,9722,1,249442,17,15418,44
17.0,11,38.82,0,13.72,0,7903,1,251705,13,20596,11
16.6,12,35.29,4.07,0,5,5471,1,256132,20,6314,9
7.6,3,30,0,0,27,5004,1,256157,9,6466,4
13.2,13,32.31,13.15,0,0,13004,1,258401,7,11417,8
15.3,14,41.25,11.18,0,20,9833,1,258402,13,28853,11
10.2,3,24,10.22,0,10,12615,1,260664,8,16575,3
4.4,46,36,0,0,35,6523,1,254018,11,20177,25
9.7,3,18,9.67,0,30,11816,1,258536,8,15370,3
16.4,17,49.41,5.63,0,7,24333,1,254047,20,5705,14
13.5,7,27.69,0,4.75,0,2212,0,254068,19,12105,6
7.7,4,37.5,0,0,43,2014,1,254140,9,6518,5
16.3,11,41.25,0,14.43,33,4025,1,256463,6,15783,10
20.6,14,34.29,0,14.53,0,4970,1,247389,8,6664,11
4.1,2,15,3.07,3.07,19,9763,0,247396,23,8831,1
7.2,5,30,0,6.03,50,8203,1,247399,11,20647,4
13.3,9,36.92,13.28,0,0,12896,1,258678,19,19490,8
16.3,10,37.5,0,16.32,10,13142,1,258700,20,12615,10
10.5,6,24,0,10.47,30,8896,1,258702,13,28953,5
6.9,1,17.14,0,6.85,10,12629,1,258703,8,15457,2
10.0,7,30,0,5.9,0,10527,1,258709,17,29992,5
3.2,42,37.14,60.15,0,0,13467,1,260881,6,30774,12
20.8,5,11.43,20.83,0,0,13023,1,260904,8,16038,3
2.6,29,23.81,62.57,62.57,2,8694,1,260957,5,18978,24
39.3,51,29.09,17.87,36.3,40,9869,1,254167,24,13736,46
14.8,14,48,0,13.32,0,4806,1,254173,8,6717,12
6.9,1,17.14,0,0,3,8155,1,254173,23,8918,1
10.2,4,16.36,0,0,10,2084,0,247480,19,12930,3
4.6,47,36.56,0,0,7,7948,1,249587,11,21952,39
34.1,10,20.57,0,0,44,11474,1,249594,16,16779,12
32.3,24,48.75,8.8,0,0,8499,1,249618,10,15831,26
6.4,47,35.45,0,66.37,0,7575,1,249649,11,21991,39
29.0,18,18.62,29.02,29.02,0,7722,1,249671,22,8354,9
16.5,8,30,0,0,7,5405,1,256557,20,5233,8
15.7,11,45,0,13.17,0,7850,1,256609,8,6183,12
11.0,12,43.64,0,8.93,50,11000,1,247501,11,21221,7
10.9,47,32.96,0,0,14,7897,1,247576,11,21260,38
25.2,16,33.6,0,0,14,3706,1,247576,16,16453,14
18.2,7,36.67,0,1.52,7,3566,1,247601,9,6606,9
16.3,20,56.25,0,0,0,12988,1,258832,20,12765,14
29.8,30,46,4.63,0,40,876,0,260994,13,29738,22
19.9,12,24,16.27,0,0,2911,0,261000,13,29746,4
14.2,4,25.71,0,0,20,12758,1,261029,13,29774,3
33.1,61,81.82,0,31.23,26,9947,1,249724,17,15622,45
33.3,47,32.9,0,0,40,9123,1,249768,21,4127,6
2.7,34,32.38,0,0,20,11713,1,249779,6,17869,28
6.2,70,60,0,0,0,13552,1,251947,20,9085,66
23.8,24,55,0,0,5,10905,1,251994,10,16083,22
41.5,29,55.61,0,0,28,23647,1,254383,11,19304,38
24.0,20,45,0,0,46,3688,0,254388,9,5913,18
14.9,5,20,0,13.85,0,5188,0,254400,19,11041,5
4.8,44,36,0,49.5,10,7120,1,256701,11,20528,38
23.6,7,15,4.62,22.1,0,13035,1,256705,15,10692,6
23.0,16,46.96,0,20.88,20,9956,1,259007,17,30110,18
14.8,16,56,0,14.77,30,11655,1,261162,20,13714,14
16.7,11,31.76,0,11.1,10,7458,1,261173,17,31908,10
17.6,11,33.33,0,0,30,11842,1,254455,7,4818,10
4.5,4,45,0,0,40,10449,1,254477,6,16479,3
28.1,11,24.83,28.08,2.57,47,5903,1,245447,18,15280,12
33.2,20,44.12,0,31.2,20,10561,1,245501,12,9496,25
26.4,22,48.46,0,23.58,24,7208,1,245509,23,11155,20
15.0,19,60,0,11.92,35,11000,1,247645,20,7361,14
14.6,55,32,0,0,43,9130,1,256887,11,21009,23
19.3,12,33,0,0,40,13907,1,256933,7,5201,10
20.3,8,14.29,3.07,20.25,50,2890,0,298789,13,30635,5
13.1,6,23.08,1.02,0,20,9996,1,240904,13,23289,4
26.7,15,42.22,0,26.65,0,5017,1,240911,15,13893,18
47.7,25,21.25,0,3.03,28,6990,1,243097,5,13542,17
12.5,42,32.5,0,0,23,6804,1,243101,11,23106,39
20.1,6,12,12,4.43,29,1880,0,236500,5,14161,6
26.5,10,30,0,0,15,4527,1,236512,16,18142,12
30.0,15,28,0,0,20,3999,1,238788,11,25390,14
10.3,9,30,0,0,10,4448,1,272156,7,10341,5
29.8,8,16.55,0,0,35,3964,1,240972,20,10155,7
22.0,6,16.36,19.97,3.05,14,3072,0,240988,18,16341,5
26.6,12,30,0,0,50,5821,1,241020,7,7594,12
39.3,21,37.5,0,36.23,40,8458,1,241049,15,14294,25
33.6,31,54.55,33.58,0,32,12579,1,243245,10,16399,30
17.1,14,28.24,17.13,17.13,20,6991,1,243292,22,9077,8
30.1,17,36,0,0,51,3258,0,274507,16,19611,12
2.0,1,60,2.03,0,10,7642,1,274525,16,19617,3
19.5,6,25.26,0,0,20,2005,0,274565,19,17716,9
12.1,6,35,0,8.23,30,6426,1,274574,8,10107,7
7.1,5,34.29,0,5.08,10,10725,1,274576,13,24213,3
14.9,5,8,5.92,0,25,3471,1,236539,6,20548,2
12.9,7,18.46,0,0,10,10311,1,238938,17,20868,4
23.4,8,31.3,0,20.37,0,7693,1,238955,15,14067,12
6.1,3,17.14,6.12,0,2,5194,1,272327,16,20585,2
5.7,36,40,64.7,10.2,9,2492,0,272341,18,17547,8
19.0,8,18.95,19,0,0,5691,1,272353,12,14260,23
19.8,11,18,19.82,0,10,12478,1,272356,17,26189,6
13.3,9,21.43,13.3,0,0,11028,1,272362,13,26286,5
39.4,20,36.92,13.85,0,40,6404,1,272363,19,18610,24
10.3,7,36,0,0,0,8166,1,241146,17,21947,5
20.1,13,27,0,20.13,40,6111,1,241170,7,7849,8
12.1,6,25,12.1,0,0,8778,1,243353,11,24044,7
13.0,22,20.55,0,0,15,4701,1,236657,15,12299,15
25.0,13,41.54,0,21.28,0,5380,0,276886,17,24238,18
5.8,8,50,0,5.75,30,9120,1,276890,7,9018,5
8.3,23,22.94,0,16.28,0,4257,0,236783,15,12570,24
6.8,4,51.43,0,0,40,3132,1,241276,19,17590,5
43.5,19,34.88,43.5,41.73,0,10449,1,272422,5,17186,24
32.7,11,21.82,26.62,0,12,4327,1,272453,18,17773,11
26.7,19,44.44,26.73,0,0,7195,1,272479,19,18782,20
9.7,8,24,1,9.7,0,4945,1,272507,7,10161,4
43.6,17,24.55,0,0,24,4455,1,241356,9,8690,12
5.6,47,42.73,49.35,0,20,12923,1,241372,6,22453,37
2.1,25,30,0,0,20,3699,0,243585,15,12775,31
19.9,10,24,0,0,10,7737,1,274775,13,24700,8
16.4,12,33.75,0,0,20,1740,0,274869,13,25100,9
22.6,9,26.09,0,0,20,3981,1,236917,13,22390,10
16.5,15,45.88,0,15.5,30,9249,1,239214,13,23844,13
8.9,8,33.33,0,0,20,1618,0,239215,17,21694,5
6.0,2,30,0,0,50,1776,1,239258,13,23040,2
36.9,24,40,12.33,0,20,5381,0,239260,12,10938,23
23.1,13,39.13,0,0,0,5035,1,239274,6,22048,15
7.9,5,22.5,0,0,0,1435,1,239276,13,23046,3
10.2,9,36,0,8.18,20,12332,1,241406,17,20738,6
6.0,5,30,0,6.02,0,10717,1,241408,7,7339,3
37.4,34,58.42,0,0,40,11268,1,272648,6,28125,37
13.2,7,27.69,0,0,10,4233,1,272650,7,10366,5
26.4,14,24.44,9.25,0,0,7869,1,274881,13,25122,11
17.9,10,23.33,0,14.83,20,6891,1,274897,7,8933,7
7.6,15,10.75,51.2,0.97,12,7741,1,241471,12,11587,10
17.0,5,17.65,0,12.03,30,2471,1,241483,15,14305,5
6.9,6,25.71,0,0,20,9584,1,241511,17,21486,3
17.4,14,45.88,0,16.37,0,4736,1,236953,17,19317,14
1.2,39,29.51,10.02,0,10,10133,1,297462,13,30511,29
10.0,2,18,9.95,9.95,0,10483,1,297476,8,16989,2
16.8,6,31.76,0,12.23,10,9521,1,274999,8,11724,8
12.8,12,23.08,0,9.8,0,5542,1,277119,17,25002,5
9.9,4,24,9.9,0,10,12668,1,261833,8,16126,3
19.6,10,24,0,0,40,5797,1,239418,7,7488,7
9.2,5,24,0,0,10,7690,0,299571,13,30711,4
17.5,5,17.65,0,0,21,13915,1,272792,5,16969,4
17.7,8,26.67,0,0,36,3407,1,275064,16,20309,8
23.0,7,31.3,0,18.97,0,7655,1,241640,15,14911,12
36.4,24,45,0,0,0,10336,1,243885,17,18207,27
13.3,6,27.69,13.25,0,11,4498,1,243896,9,7873,6
31.2,11,16.88,0,0,0,13043,1,243907,7,6212,1
36.9,15,24.32,0,36.9,33,3930,1,244016,14,16309,15
7.3,3,17.14,7.32,0,31,1382,1,237074,9,8329,1
22.5,18,49.57,0,0,0,11038,1,237090,6,21309,19
38.4,22,30.77,0,38.35,40,8725,1,237101,11,24863,21
9.7,7,24,0,8.68,10,4307,1,237108,17,19396,4
30.6,29,50,0,0,20,7230,1,275080,17,24763,25
13.1,9,32.31,13.07,0,20,2989,1,275101,19,18204,7
13.1,3,9.23,13.13,0,0,2416,1,275118,13,25632,2
16.6,3,11.25,16.57,0,20,4396,0,277326,8,10328,2
29.7,17,39.31,19.52,25.65,0,4811,1,277343,15,15286,18
16.4,6,38.82,0,0,4,4021,1,277376,9,9383,10
14.3,6,30,14.28,0,43,2971,1,237205,16,18608,7
26.6,16,43.85,0,26.6,0,5009,1,239435,15,14105,18
7.7,5,37.5,0,6.68,20,9814,1,239437,13,23459,4
9.8,3,18,9.78,9.78,20,8273,1,239437,8,9367,3
19.8,12,33,0,15.75,10,12872,1,239441,17,20981,11
19.8,7,30,0,19.83,42,5981,1,239483,18,16151,10
13.0,7,36.92,13.02,0,31,2981,1,239520,9,8728,8
7.2,7,42.86,0,6.15,0,7980,1,241667,7,7899,4
7.0,3,25.71,0,0,24,6909,1,272804,20,10881,2
16.4,11,31.76,13.33,0,20,9265,1,272862,8,12854,9
13.2,14,36.92,13.22,0,0,10186,1,272863,7,9988,7
31.2,17,25.16,0,0,42,6191,1,275168,16,19648,13
22.1,11,32.73,0,0,0,5476,1,275194,6,23630,11
29.9,18,40,0,0,40,8337,1,275211,19,17794,19
32.8,15,34.55,0,32.8,0,5261,1,275229,15,15077,5
18.0,7,20,0,11.32,0,8000,0,277426,17,23503,6
22.2,14,31.3,22.22,14.92,0,4913,1,215213,6,11450,11
3.6,1,20,0,0,10,10238,1,215219,19,8314,2
26.8,15,40,0,26.75,30,5839,1,215244,12,7568,16
10.0,9,60,6,9.97,10,7345,1,198591,11,10406,10
4.6,1,12,0,0,16,1178,1,215321,21,3065,2
7.5,6,30,0,0,0,12369,1,217829,6,13664,3
35.8,12,18.33,0,26.67,20,17000,1,217846,13,167356,10
52.4,44,45,1.53,52.43,15,7571,1,215428,11,17152,38
24.1,7,25,0,6.17,18,4167,1,217440,18,12016,10
22.4,6,13.64,0,0,34,2880,1,217458,14,13041,5
9.3,6,40,0,7.45,40,7687,1,217966,6,14203,6
35.4,11,12,31.95,0,16,13006,1,215860,14,12492,7
18.8,5,15.79,2.97,0,27,5072,1,208076,11,7549,7
